latitude,longitude,district,state,elevation,slope,aspect,rainfall_24hr,rainfall_7days,ndvi,soil_moisture,distance_to_road,month,landslide
23.5649,92.8746,Aizawl,NER,1971.3,2.9,120.1,8.2,25.8,0.434,0.487,688.4,9,0
23.256,91.2047,Agartala,NER,1584.1,14.5,244.9,0.4,4.3,0.621,0.577,260.3,6,0
26.6812,94.3368,Jorhat,NER,1690.1,33.1,349.1,7.0,40.2,0.585,0.527,3722.7,7,0
26.3768,92.0282,Shillong,NER,1556.9,22.0,152.4,1.5,4.5,0.447,0.547,153.9,6,0
26.8311,93.5864,Itanagar,NER,990.0,19.4,202.0,1.3,10.2,0.622,0.357,51.5,8,0
23.4539,93.5101,Aizawl,NER,1769.2,5.3,339.4,3.4,14.1,0.95,0.677,4461.6,8,0
23.7317,91.0215,Agartala,NER,2276.4,33.6,109.7,8.3,49.4,0.471,0.602,2428.2,7,0
26.2612,91.4862,Guwahati,NER,1771.1,10.6,228.4,1.8,11.7,0.533,0.638,917.0,7,0
25.1754,93.8232,Imphal,NER,2016.0,24.1,117.3,0.1,0.7,0.68,0.604,295.9,9,0
27.565,93.6817,Itanagar,NER,1769.9,4.6,201.0,6.7,35.9,0.81,0.425,175.8,9,0
24.9139,94.1962,Imphal,NER,993.5,32.6,358.0,8.3,38.7,0.163,0.861,2143.6,9,0
26.3544,94.4361,Jorhat,NER,1515.7,13.6,126.0,5.7,37.0,0.675,0.465,5642.2,6,0
25.5388,91.9882,Shillong,NER,2387.4,12.8,110.1,12.7,66.3,0.593,0.297,1909.1,9,0
27.9989,94.6534,Dibrugarh,NER,874.1,6.3,106.7,19.4,175.8,0.404,0.469,2099.4,7,0
26.4042,93.7698,Jorhat,NER,325.6,11.2,103.2,23.0,109.2,0.152,0.476,1059.9,7,0
25.6146,93.5025,Kohima,NER,2008.4,22.7,346.6,5.6,43.7,0.527,0.403,5454.9,8,0
23.4937,93.2971,Aizawl,NER,1852.1,20.2,123.1,0.3,1.0,0.639,0.716,380.4,9,0
23.4502,92.6227,Aizawl,NER,136.7,8.2,221.7,6.9,21.8,0.567,0.678,2061.7,9,0
26.8839,94.5609,Jorhat,NER,2069.0,5.3,135.8,0.7,5.1,0.508,0.663,1982.8,6,0
26.5434,92.9346,Tezpur,NER,1415.1,8.1,46.0,10.0,53.8,0.888,0.84,4656.9,6,0
27.3046,93.5269,Itanagar,NER,1034.1,16.7,206.4,0.9,3.2,0.775,0.779,3627.6,8,0
24.8835,93.7879,Imphal,NER,274.6,16.1,355.2,13.3,121.5,0.608,0.37,949.6,9,0
23.5437,91.1893,Agartala,NER,1224.8,10.3,346.4,6.5,23.3,0.704,0.958,5171.0,8,0
26.8297,92.9421,Tezpur,NER,1355.4,18.8,210.4,8.9,83.8,0.922,0.517,2081.7,9,0
27.2305,94.5086,Dibrugarh,NER,723.9,11.7,217.0,1.2,11.1,0.698,0.614,326.0,9,0
26.9592,93.5856,Itanagar,NER,1095.6,27.0,340.1,5.5,26.0,0.559,0.671,4211.1,7,0
27.2216,94.8188,Dibrugarh,NER,1711.8,28.9,198.7,0.6,5.3,0.437,0.785,4669.2,6,0
27.8338,95.2275,Dibrugarh,NER,1041.4,3.7,282.1,2.4,15.7,0.694,0.634,2930.0,9,0
25.5781,92.0109,Shillong,NER,889.0,4.3,46.1,5.1,40.3,0.662,0.455,1842.3,8,0
25.9021,91.7309,Shillong,NER,524.8,9.5,131.1,4.7,24.5,0.343,0.775,341.5,7,0
26.3954,91.5539,Guwahati,NER,1895.8,14.0,222.6,7.6,60.9,0.63,0.559,221.6,8,0
24.1006,91.6369,Agartala,NER,314.1,22.4,127.8,4.6,16.6,0.311,0.723,273.0,6,0
24.8778,94.1919,Imphal,NER,686.4,19.3,306.3,3.9,16.5,0.298,0.64,3397.3,7,0
25.6345,94.3548,Kohima,NER,1824.3,14.5,348.5,3.7,24.2,0.533,0.604,1740.9,9,0
26.9146,92.2945,Tezpur,NER,986.2,47.4,246.4,2.0,15.2,0.656,0.898,6706.4,9,1
25.8604,94.0532,Kohima,NER,1831.8,16.7,67.1,10.9,72.9,0.724,0.614,1242.3,8,0
24.1203,93.3194,Aizawl,NER,952.9,5.8,195.4,32.8,242.5,0.561,0.552,1524.8,7,0
26.941,93.0162,Tezpur,NER,443.5,28.4,37.0,0.8,7.0,0.496,0.538,2546.2,6,0
26.5842,94.7318,Jorhat,NER,1537.7,21.2,152.5,34.3,139.9,0.615,0.272,4113.4,7,0
26.4692,93.1906,Tezpur,NER,265.4,15.3,301.5,13.6,90.2,0.212,0.635,811.4,6,0
26.9252,93.1533,Itanagar,NER,2304.3,31.8,112.1,5.8,43.0,0.496,0.426,138.9,6,0
25.7075,94.0755,Kohima,NER,557.7,7.7,279.2,7.5,50.6,0.329,0.641,635.7,8,0
27.4035,94.8014,Dibrugarh,NER,474.8,15.6,83.2,7.0,50.5,0.556,0.949,2551.7,8,0
25.8733,94.2433,Kohima,NER,2092.5,37.9,322.7,10.0,81.8,0.616,0.688,3487.2,8,0
23.9544,92.9469,Aizawl,NER,1082.6,11.4,274.9,0.8,5.6,0.441,0.552,1436.8,9,0
27.0655,95.133,Dibrugarh,NER,434.5,5.5,329.1,11.3,73.0,0.52,0.621,612.2,6,0
25.7543,94.3235,Kohima,NER,1286.3,6.3,151.9,2.1,17.3,0.779,0.774,681.3,7,0
26.3644,92.1903,Guwahati,NER,2378.3,21.3,97.2,3.0,21.8,0.549,0.322,156.2,8,0
26.889,93.8504,Itanagar,NER,1203.2,32.3,346.4,20.0,122.5,0.418,0.864,3285.6,6,0
24.8219,93.9434,Imphal,NER,2268.1,21.7,15.9,17.3,73.7,0.714,0.822,7084.9,9,0
27.7859,95.317,Dibrugarh,NER,1646.9,40.3,190.9,15.1,52.0,0.633,0.149,1913.5,7,0
23.2843,92.7968,Aizawl,NER,100.6,12.6,3.4,9.7,56.5,0.516,0.872,2924.4,6,0
24.2513,92.7705,Aizawl,NER,108.0,3.3,212.1,0.1,1.2,0.163,0.258,1260.0,9,0
27.0358,93.5909,Itanagar,NER,1063.8,13.2,16.9,1.7,7.1,0.449,0.321,4304.6,6,0
23.3203,91.3332,Agartala,NER,1336.6,17.3,224.3,5.1,36.7,0.382,0.748,6231.4,6,0
26.9837,93.772,Itanagar,NER,1864.5,15.2,346.4,7.7,27.1,0.57,0.415,3482.3,9,0
27.8011,94.9498,Dibrugarh,NER,1861.4,25.4,57.7,12.1,95.3,0.752,0.805,2721.3,6,0
26.694,93.2702,Tezpur,NER,720.9,20.5,41.7,11.7,79.5,0.431,0.528,6593.2,7,0
25.4461,91.9482,Shillong,NER,822.3,11.8,223.5,19.1,190.0,0.433,0.961,3446.5,8,0
27.1649,94.1861,Jorhat,NER,2366.3,5.9,107.4,0.6,4.4,0.783,0.26,1132.4,9,0
25.2118,92.388,Shillong,NER,758.1,14.1,76.7,13.5,108.1,0.317,0.889,333.7,9,0
27.3255,95.1028,Dibrugarh,NER,415.0,26.5,173.3,10.6,77.2,0.692,0.905,2108.3,7,0
27.2796,95.2087,Dibrugarh,NER,1192.5,30.0,250.2,20.3,190.2,0.738,0.695,1316.9,6,0
25.8665,91.6737,Guwahati,NER,883.5,17.4,28.3,4.5,44.6,0.414,0.847,2219.7,7,0
26.8132,94.4841,Jorhat,NER,1579.9,3.1,225.1,2.8,24.1,0.813,0.573,170.3,9,0
24.3848,92.6305,Aizawl,NER,1577.8,24.3,156.1,4.6,31.7,0.509,0.332,2101.5,9,0
26.6263,93.7964,Jorhat,NER,588.6,11.3,304.6,2.8,15.8,0.595,0.757,4619.3,6,0
24.3642,90.8968,Agartala,NER,1218.0,3.2,216.7,3.2,31.0,0.407,0.71,4092.0,7,0
26.2035,94.3754,Kohima,NER,328.6,3.6,3.3,9.9,38.8,0.541,0.636,571.9,6,0
25.9174,91.3486,Guwahati,NER,1010.5,2.4,253.9,5.9,53.3,0.498,0.577,80.3,9,0
24.6037,93.9973,Imphal,NER,1751.7,4.1,116.3,13.5,83.4,0.507,0.052,60.9,6,0
27.6538,94.594,Dibrugarh,NER,2427.8,22.6,63.8,12.6,124.5,0.529,0.578,240.1,7,0
26.7,92.477,Tezpur,NER,1681.3,27.4,359.8,4.5,40.5,0.609,0.674,2898.0,7,0
26.9292,94.4304,Jorhat,NER,2014.8,29.3,2.1,9.9,72.3,0.146,0.583,29.6,8,0
26.3338,94.4369,Kohima,NER,1212.4,29.2,9.2,1.3,5.4,0.775,0.294,1594.4,7,0
25.8077,91.9744,Shillong,NER,684.4,11.6,92.4,7.4,70.3,0.95,0.836,3465.2,9,0
24.1976,92.4292,Aizawl,NER,1360.4,19.9,346.7,0.6,5.3,0.363,0.968,2032.1,9,0
27.2738,93.9682,Itanagar,NER,519.5,24.3,92.0,2.1,18.8,0.914,0.655,367.9,9,0
28.1135,95.6504,Dibrugarh,NER,528.3,3.8,92.5,6.0,39.0,0.421,0.245,2358.1,6,0
26.2553,94.5337,Jorhat,NER,2273.3,6.8,144.4,1.7,9.4,0.557,0.618,4241.8,6,0
25.0204,93.866,Imphal,NER,556.8,8.1,120.1,9.6,93.5,0.658,0.658,2822.5,7,0
25.6844,93.9498,Kohima,NER,465.8,12.7,224.5,18.1,163.8,0.581,0.907,850.3,7,0
25.7877,91.4856,Guwahati,NER,1173.3,2.9,357.2,3.3,21.5,0.556,0.975,1520.6,6,0
26.5496,94.5176,Jorhat,NER,294.2,7.4,351.2,18.0,126.4,0.156,0.682,3488.2,9,0
27.7495,95.0623,Dibrugarh,NER,1138.0,41.2,230.7,0.1,0.9,0.609,0.747,475.9,6,0
27.5146,94.8089,Dibrugarh,NER,2460.8,12.8,36.4,7.8,57.5,0.295,0.791,3768.0,9,0
25.4278,91.8514,Shillong,NER,567.1,17.8,276.9,3.3,13.1,0.487,0.821,420.7,7,0
25.7049,92.2129,Shillong,NER,577.3,7.2,95.8,4.5,18.1,0.784,0.769,3074.4,6,0
26.6159,93.7074,Itanagar,NER,2362.8,10.4,91.1,4.1,30.8,0.474,0.661,138.0,9,0
26.5687,94.1973,Jorhat,NER,191.3,16.2,12.8,8.9,48.8,0.354,0.615,207.2,9,0
25.821,94.4088,Kohima,NER,1599.2,10.7,278.9,21.4,136.0,0.5,0.446,242.0,6,0
27.3605,94.6582,Dibrugarh,NER,2327.4,17.7,220.7,3.7,35.5,0.541,0.729,1570.6,7,0
25.4719,91.5019,Shillong,NER,229.3,23.5,262.1,1.6,13.3,0.732,0.427,2639.5,7,0
25.5702,91.7635,Guwahati,NER,1456.1,20.3,57.6,9.5,82.7,0.658,0.62,744.8,7,0
23.6708,93.1834,Aizawl,NER,1000.6,17.6,299.8,2.6,25.6,0.567,0.605,4185.5,7,0
27.1191,92.4249,Tezpur,NER,1973.0,13.5,64.2,11.3,61.9,0.44,0.837,1645.0,7,0
27.2636,95.3918,Dibrugarh,NER,155.0,37.1,268.5,14.3,122.3,0.627,0.069,1138.4,7,1
26.8819,93.0647,Tezpur,NER,818.7,27.8,246.9,18.3,104.1,0.927,0.934,49.0,8,0
24.4577,93.3712,Imphal,NER,2357.6,12.4,67.0,3.8,36.4,0.511,0.51,4802.4,6,0
26.4693,92.9406,Tezpur,NER,1564.5,23.2,24.8,0.3,1.0,0.359,0.468,3725.9,9,0
27.1736,93.4622,Itanagar,NER,250.4,15.1,125.0,2.7,22.0,0.324,0.409,3519.0,8,0
27.2225,93.6186,Itanagar,NER,447.9,7.0,340.9,2.9,10.9,0.465,0.492,243.8,9,0
24.1746,91.7116,Agartala,NER,1417.2,14.8,50.7,22.1,170.0,0.463,0.355,128.6,7,0
23.1901,91.269,Agartala,NER,2193.1,28.1,45.5,21.2,192.5,0.492,0.744,1377.6,8,0
25.9888,92.4888,Tezpur,NER,324.2,6.0,128.4,5.7,42.8,0.461,0.909,3152.6,6,0
26.7853,94.4567,Jorhat,NER,505.3,15.6,263.7,1.1,6.7,0.568,0.457,1407.2,9,0
23.8403,92.5351,Aizawl,NER,875.2,7.5,10.6,14.7,52.4,0.389,0.665,754.8,9,0
27.4953,93.5926,Itanagar,NER,2087.8,1.2,36.2,3.6,33.9,0.382,0.38,1721.9,6,0
26.6547,94.0174,Jorhat,NER,109.2,6.7,26.2,6.9,53.9,0.163,0.543,2905.4,9,0
27.5239,95.1678,Dibrugarh,NER,100.5,30.8,137.4,5.6,54.9,0.264,0.767,5003.9,7,0
27.2539,93.5421,Itanagar,NER,1909.5,27.7,40.5,1.5,5.2,0.21,0.576,4195.0,7,0
25.2683,93.9087,Imphal,NER,2007.0,13.9,299.3,6.7,54.7,0.782,0.529,6239.2,8,0
23.187,92.5136,Aizawl,NER,1143.0,13.5,218.6,5.9,50.2,0.83,0.638,609.5,8,0
23.5277,92.9921,Aizawl,NER,107.0,10.5,169.1,2.7,17.1,0.591,0.869,1453.7,6,1
26.0472,91.5144,Guwahati,NER,2026.2,25.6,41.0,21.2,148.8,0.511,0.716,988.2,8,0
25.7401,94.2626,Kohima,NER,1559.0,28.1,0.6,0.0,0.2,0.475,0.594,1814.3,8,0
26.4657,91.8936,Guwahati,NER,1704.6,9.6,229.0,1.4,5.9,0.203,0.847,3532.4,7,0
27.46,94.8476,Dibrugarh,NER,808.1,41.2,201.1,6.3,54.8,0.516,0.664,3957.3,8,0
27.4196,94.6313,Dibrugarh,NER,1490.2,1.9,184.2,3.8,15.0,0.481,0.432,2075.9,9,0
26.5066,91.7734,Guwahati,NER,1492.5,7.6,82.3,4.7,45.8,0.463,0.803,2822.9,9,0
23.7215,91.252,Agartala,NER,2232.2,29.3,194.9,4.3,29.1,0.253,0.671,3506.8,6,0
23.7796,91.1384,Agartala,NER,748.6,13.9,50.1,1.6,14.2,0.676,0.729,1237.7,8,0
25.2997,94.101,Kohima,NER,1403.3,9.9,47.0,8.0,27.1,0.904,0.556,2809.9,8,0
23.9261,92.2856,Aizawl,NER,587.7,8.0,207.8,22.5,139.2,0.066,0.932,1294.4,8,0
25.6015,94.4501,Kohima,NER,2132.7,10.3,333.5,9.6,91.1,0.95,0.765,1504.0,9,0
27.0542,94.0593,Jorhat,NER,134.4,20.4,271.2,11.5,99.7,0.693,0.549,2568.6,6,0
26.4474,92.7566,Tezpur,NER,937.2,17.5,343.8,20.3,157.9,0.523,0.196,3981.4,8,0
24.1007,92.6735,Aizawl,NER,2274.7,34.2,352.4,1.6,9.5,0.523,0.398,1210.1,6,0
24.8729,93.7925,Imphal,NER,680.6,20.1,187.3,16.6,133.3,0.325,0.466,1029.8,6,0
26.3837,91.5521,Guwahati,NER,762.8,21.4,129.7,8.3,75.5,0.775,0.698,947.4,8,0
26.8296,94.0452,Jorhat,NER,1285.2,39.8,60.1,13.9,59.4,0.418,0.635,1380.6,6,0
26.8011,93.6015,Itanagar,NER,1622.6,11.8,259.1,7.1,45.0,0.495,0.902,2109.0,6,0
25.0554,93.5832,Imphal,NER,1811.7,32.8,20.9,17.8,121.0,0.671,0.766,3643.6,7,0
24.0277,91.1973,Agartala,NER,740.0,19.2,274.4,14.9,125.1,0.638,0.662,35.4,8,0
26.1977,91.486,Guwahati,NER,1640.5,13.1,316.5,0.2,2.2,0.707,0.592,721.7,8,0
27.145,93.8107,Itanagar,NER,1236.2,20.1,86.1,31.7,215.6,0.298,0.454,1726.9,9,0
25.2817,92.161,Shillong,NER,493.3,10.9,21.8,0.7,3.0,0.37,0.46,553.9,7,0
25.6123,92.0135,Shillong,NER,2328.8,11.2,201.9,6.9,30.7,0.464,0.684,1148.9,7,0
23.8296,92.4733,Aizawl,NER,1775.9,21.2,111.6,11.9,91.5,0.486,0.849,24.4,7,1
25.8484,91.255,Shillong,NER,2031.4,25.6,88.5,4.4,33.4,0.478,0.79,5012.5,6,0
23.349,91.6376,Agartala,NER,702.4,6.5,69.0,24.4,78.0,0.301,0.571,320.8,6,0
27.1318,93.7953,Itanagar,NER,1147.9,9.6,127.1,23.4,208.8,0.834,0.509,589.6,8,0
24.0249,92.7477,Aizawl,NER,974.5,13.5,297.6,4.0,31.7,0.757,0.514,1549.1,8,0
23.6798,92.9198,Aizawl,NER,1412.1,30.8,260.3,1.7,8.8,0.344,0.375,3773.4,9,0
27.1254,94.6538,Dibrugarh,NER,400.9,6.2,53.9,0.5,3.7,0.4,0.385,6082.4,9,0
27.2426,93.5761,Itanagar,NER,1617.2,24.6,62.0,18.0,158.4,0.766,0.701,3956.5,6,0
27.2493,93.4525,Itanagar,NER,905.5,5.8,202.3,8.0,41.3,0.706,0.727,3706.6,8,1
25.563,94.3771,Kohima,NER,1411.4,21.0,310.6,21.7,173.7,0.418,0.601,761.2,6,0
26.9052,93.8516,Itanagar,NER,1599.7,25.1,242.6,1.4,4.3,0.305,0.569,1860.3,9,0
26.3509,91.5793,Guwahati,NER,1745.1,3.8,231.0,15.4,58.8,0.44,0.594,786.8,7,0
26.7015,93.6432,Itanagar,NER,2429.6,19.2,152.2,7.3,25.8,0.628,0.755,310.8,8,0
25.4433,93.905,Imphal,NER,1769.9,9.3,253.4,3.4,26.1,0.375,0.483,1821.0,7,0
26.0998,91.4379,Guwahati,NER,1569.4,2.8,138.8,2.9,18.0,0.528,0.587,214.9,8,1
24.5041,94.1584,Imphal,NER,302.3,11.8,157.8,8.9,64.9,0.609,0.281,444.5,8,0
26.4404,92.5388,Tezpur,NER,694.1,19.5,242.2,5.4,29.0,0.496,0.583,1441.5,7,0
25.4522,94.0545,Kohima,NER,2309.8,20.9,322.3,0.2,2.0,0.607,0.771,1384.0,6,0
25.4611,92.309,Shillong,NER,1300.2,13.3,146.7,6.8,64.1,0.6,0.803,349.8,8,1
24.074,91.5227,Agartala,NER,1170.9,11.9,267.3,20.6,175.4,0.153,0.73,875.2,7,0
23.5084,92.3924,Aizawl,NER,2268.5,36.1,124.1,9.2,55.9,0.329,0.57,250.1,9,1
25.3844,94.1395,Kohima,NER,1994.6,42.4,263.7,2.8,15.1,0.66,0.642,563.0,8,1
24.55,93.5723,Imphal,NER,1898.5,17.9,313.7,11.9,94.4,0.55,0.333,245.2,8,0
24.0073,92.85,Aizawl,NER,595.0,9.5,150.9,6.3,56.7,0.585,0.224,2508.0,6,0
24.8942,94.4676,Imphal,NER,2106.7,17.2,285.0,8.3,72.9,0.467,0.056,659.5,7,0
25.3379,94.0273,Kohima,NER,1400.2,23.2,135.2,30.2,139.5,0.438,0.511,2452.7,6,0
26.6109,92.6814,Tezpur,NER,2330.3,28.8,227.5,17.3,118.2,0.829,0.657,2224.4,7,0
24.1531,92.3506,Aizawl,NER,1037.8,23.5,278.7,10.1,74.9,0.257,0.824,451.9,7,0
25.9702,94.1956,Kohima,NER,2184.7,19.2,48.1,17.3,131.4,0.418,0.706,784.6,8,0
25.5642,91.586,Shillong,NER,1528.7,16.4,273.9,18.0,151.7,0.657,0.429,613.1,7,0
26.8837,94.5534,Jorhat,NER,2159.5,7.7,265.0,55.6,488.2,0.456,0.576,12088.3,8,0
26.3237,91.6512,Guwahati,NER,132.9,33.6,184.2,9.7,71.3,0.773,0.476,2827.2,7,0
23.9001,90.9584,Agartala,NER,1466.8,9.3,227.9,36.2,357.4,0.774,0.784,2246.5,6,0
27.5071,94.7542,Dibrugarh,NER,1646.2,16.7,291.7,1.3,10.5,0.4,0.874,38.7,6,0
23.6763,92.3396,Aizawl,NER,1191.7,19.6,317.4,9.9,49.0,0.58,0.784,1101.0,7,1
26.6047,92.4608,Tezpur,NER,2171.2,17.8,289.0,2.2,10.1,0.389,0.479,2991.4,8,0
23.1254,92.3446,Aizawl,NER,1706.3,10.2,149.8,3.0,19.1,0.452,0.884,789.8,7,0
25.5212,93.9955,Kohima,NER,952.8,12.5,311.3,3.2,11.7,0.616,0.546,1302.1,8,0
25.2321,94.3444,Kohima,NER,1270.8,20.2,20.5,3.0,13.1,0.676,0.332,1653.6,9,0
25.3047,93.9602,Kohima,NER,1274.5,8.7,130.1,16.1,62.1,0.407,0.79,1438.6,8,0
25.2134,94.0287,Imphal,NER,993.2,4.1,100.3,4.5,26.3,0.331,0.504,927.8,9,0
27.1215,93.9569,Jorhat,NER,1475.7,23.4,224.5,18.4,135.6,0.423,0.794,5070.0,7,1
25.5815,93.9131,Kohima,NER,2280.2,5.4,175.4,8.4,66.5,0.509,0.481,2244.2,7,0
23.3646,92.9161,Aizawl,NER,1708.1,30.8,100.2,3.8,34.1,0.239,0.681,659.9,6,0
26.2389,91.3639,Guwahati,NER,233.3,28.5,308.3,17.6,100.8,0.671,0.417,846.5,9,0
27.1125,94.7308,Jorhat,NER,1668.1,15.2,182.3,3.8,18.8,0.748,0.826,605.0,7,0
25.5911,94.2086,Kohima,NER,2353.6,18.9,255.6,1.6,15.9,0.464,0.428,1725.0,8,0
25.8132,91.8313,Shillong,NER,2175.9,24.4,272.7,2.5,19.7,0.639,0.606,1124.1,9,0
24.793,93.5493,Imphal,NER,380.6,18.0,227.6,0.8,5.6,0.495,0.619,1672.2,9,0
26.8099,94.6378,Jorhat,NER,2362.4,1.5,27.2,0.8,8.3,0.407,0.7,1519.8,6,0
24.0333,91.5172,Agartala,NER,1447.0,21.2,281.5,2.8,9.5,0.576,0.469,1723.8,9,0
25.1794,91.814,Shillong,NER,2250.1,25.3,129.0,12.3,55.7,0.589,0.819,1229.1,6,0
26.7074,93.9923,Jorhat,NER,1544.0,12.3,222.9,5.5,44.1,0.523,0.393,159.8,9,0
26.6971,92.9228,Tezpur,NER,212.3,12.9,159.9,3.6,27.5,0.522,0.489,341.1,9,0
26.29,92.7123,Tezpur,NER,2210.4,3.9,344.9,12.1,40.5,0.099,0.611,88.0,6,0
23.651,92.9525,Aizawl,NER,451.4,14.5,136.5,6.9,41.9,0.578,0.906,484.7,8,0
26.9114,94.4692,Jorhat,NER,1772.1,9.3,295.4,29.3,170.2,0.409,0.71,2329.8,8,0
26.9991,93.561,Itanagar,NER,1292.5,27.7,159.2,26.6,95.6,0.618,0.521,1844.9,7,0
26.9409,94.0668,Jorhat,NER,2375.8,10.4,12.9,0.6,2.0,0.168,0.791,731.8,7,1
26.6593,92.8124,Tezpur,NER,760.6,17.1,198.0,0.7,3.8,0.496,0.655,183.3,9,0
26.0544,92.617,Tezpur,NER,2189.7,0.4,190.8,2.4,10.9,0.656,0.738,268.4,8,0
25.1923,93.911,Imphal,NER,1773.2,20.1,322.4,0.9,3.3,0.705,0.669,1577.5,9,0
25.7245,91.6812,Shillong,NER,965.1,4.4,56.2,1.2,5.2,0.798,0.575,1928.7,8,0
24.1793,92.7756,Aizawl,NER,2075.9,26.4,91.1,4.8,16.4,0.415,0.587,329.2,9,0
25.297,94.2152,Imphal,NER,1480.9,4.8,249.2,2.6,19.9,0.3,0.768,240.8,9,0
23.7477,90.8017,Agartala,NER,403.3,23.4,173.8,6.5,44.3,0.646,0.707,103.5,7,0
26.6537,93.6605,Tezpur,NER,266.5,22.8,146.4,12.7,126.4,0.726,0.921,1906.4,9,0
23.9923,92.9158,Aizawl,NER,1620.9,4.3,123.4,11.2,106.0,0.301,0.846,4436.5,9,1
27.0268,93.8307,Jorhat,NER,131.0,7.5,197.6,12.8,127.0,0.95,0.802,169.0,7,0
25.2356,93.1937,Imphal,NER,2196.7,7.6,242.1,10.5,82.3,0.82,0.454,3260.3,7,0
26.4522,94.4435,Jorhat,NER,547.9,32.1,306.0,2.6,17.6,0.202,0.258,2952.5,8,0
23.7228,92.8524,Aizawl,NER,260.1,16.0,97.8,3.4,17.5,0.717,0.397,2048.7,7,0
27.2722,93.9232,Itanagar,NER,909.5,13.8,351.1,8.1,42.9,0.594,0.224,1063.0,6,0
23.5337,93.0327,Aizawl,NER,1491.4,29.3,59.8,10.7,107.2,0.137,0.868,1166.9,8,0
24.4034,93.2575,Imphal,NER,1853.2,7.9,189.1,6.0,32.1,0.452,0.76,468.5,7,1
26.1036,91.6177,Guwahati,NER,336.6,15.6,244.2,15.9,91.9,0.396,0.26,5612.5,9,0
23.3142,92.2901,Aizawl,NER,856.0,17.2,70.3,0.9,8.1,0.687,0.712,6012.9,6,1
27.7141,93.7282,Itanagar,NER,943.7,5.2,270.8,6.8,22.8,0.497,0.602,3216.7,7,0
24.0797,93.4869,Imphal,NER,135.0,23.5,5.2,5.7,24.3,0.579,0.831,167.0,6,0
26.7897,94.0648,Jorhat,NER,1028.1,9.9,137.8,2.2,13.6,0.05,0.365,597.1,8,0
23.7826,92.319,Aizawl,NER,1649.4,8.6,45.7,16.5,128.1,0.771,0.578,114.0,7,0
26.7385,93.5116,Itanagar,NER,904.9,9.1,141.5,1.2,4.2,0.683,0.312,806.9,6,0
27.9099,95.2911,Dibrugarh,NER,2125.0,35.1,176.4,3.5,34.6,0.65,0.643,3574.9,6,0
26.6197,91.5748,Guwahati,NER,1721.8,38.5,276.8,1.0,3.9,0.571,0.764,1083.9,6,0
27.1159,94.9891,Dibrugarh,NER,1232.2,24.2,9.1,7.5,24.7,0.342,0.914,279.7,7,0
26.5378,92.6406,Tezpur,NER,1538.3,10.2,8.6,1.3,5.0,0.544,0.485,897.7,7,0
26.7386,94.2349,Jorhat,NER,154.2,12.7,291.7,9.5,48.0,0.385,0.326,1145.4,8,0
25.4097,92.4661,Shillong,NER,295.8,6.0,102.0,3.0,21.6,0.291,0.782,618.5,9,0
27.0678,93.9198,Itanagar,NER,1455.0,20.3,259.3,1.4,10.7,0.472,0.791,1435.8,8,0
24.0938,92.8642,Aizawl,NER,300.9,8.3,54.7,3.3,13.1,0.789,0.722,1115.4,9,0
25.1417,91.7396,Shillong,NER,746.0,4.8,270.5,14.5,58.0,0.565,0.558,4671.2,8,0
26.5067,93.8858,Jorhat,NER,2041.2,9.6,275.3,16.2,59.6,0.464,0.882,730.7,6,1
25.0255,93.9357,Imphal,NER,302.2,16.8,289.2,8.1,66.7,0.688,0.288,110.3,6,0
24.9717,94.2335,Imphal,NER,1626.5,43.1,285.5,11.8,94.0,0.794,0.688,1047.7,9,0
24.9925,94.2129,Imphal,NER,659.4,8.9,351.9,1.0,3.1,0.618,0.666,843.5,6,0
24.6568,93.9277,Imphal,NER,392.5,10.6,162.5,6.0,35.6,0.83,0.466,1225.1,6,0
27.7909,94.9707,Dibrugarh,NER,1891.3,23.9,135.5,1.5,9.0,0.686,0.406,2574.9,6,0
25.8293,92.0721,Guwahati,NER,681.2,18.3,269.8,34.5,159.6,0.529,0.683,1422.2,9,0
23.1393,92.6915,Aizawl,NER,1383.9,19.7,100.6,9.0,89.7,0.751,0.256,535.1,7,0
26.3309,92.563,Tezpur,NER,660.6,2.7,315.3,11.0,89.8,0.795,0.447,4949.3,9,0
23.3703,92.7743,Aizawl,NER,286.9,23.8,307.4,1.6,6.1,0.468,0.409,7905.0,9,0
27.0534,94.4299,Dibrugarh,NER,1406.9,26.4,181.2,12.4,72.9,0.392,0.77,6024.5,7,0
24.0293,91.5505,Agartala,NER,2147.0,25.3,182.9,5.6,47.3,0.927,0.929,5563.3,7,0
26.9118,94.4884,Jorhat,NER,2317.8,12.0,222.9,10.6,92.1,0.356,0.721,1837.3,7,0
25.8325,91.7011,Guwahati,NER,1234.0,18.2,148.5,7.8,40.7,0.653,0.739,168.0,9,1
25.198,94.1857,Kohima,NER,2137.4,6.3,40.1,39.4,174.9,0.614,0.583,363.6,7,0
28.1943,94.9726,Dibrugarh,NER,375.8,6.0,19.6,2.0,12.4,0.563,0.835,837.5,6,0
27.3396,95.0487,Dibrugarh,NER,2301.3,2.5,261.0,12.6,69.7,0.829,0.759,1027.9,6,0
24.1581,90.971,Agartala,NER,1586.1,43.8,214.7,9.2,58.7,0.681,0.96,2457.1,6,0
27.5112,95.5368,Dibrugarh,NER,1129.0,8.9,265.7,8.7,62.5,0.728,0.946,141.8,9,0
25.0693,93.4703,Imphal,NER,560.2,35.6,30.3,18.8,80.4,0.627,0.456,2017.5,8,0
26.6401,91.7765,Guwahati,NER,2107.7,18.4,95.4,31.1,207.8,0.428,0.309,363.7,7,0
25.1858,93.9954,Imphal,NER,397.9,30.1,175.4,6.1,39.5,0.667,0.193,3271.3,6,0
24.407,91.0476,Agartala,NER,1150.5,33.1,332.2,3.4,27.4,0.581,0.611,784.9,8,0
25.4287,92.6072,Shillong,NER,667.9,24.4,301.5,0.8,3.9,0.525,0.364,3139.8,9,0
25.6363,93.9363,Kohima,NER,2125.6,20.9,207.9,12.4,67.5,0.728,0.62,669.8,7,0
24.1482,91.0614,Agartala,NER,1256.8,41.1,20.2,1.3,8.6,0.319,0.581,2786.8,9,0
27.881,94.4201,Dibrugarh,NER,291.3,18.8,209.4,10.8,44.5,0.276,0.799,1293.8,9,0
26.4085,93.9457,Jorhat,NER,1915.5,8.8,117.4,1.9,11.8,0.285,0.469,8509.5,9,0
25.1263,91.6202,Shillong,NER,189.8,18.4,292.7,27.8,137.2,0.285,0.888,458.3,8,0
24.5511,93.4531,Imphal,NER,681.4,16.0,230.5,1.3,12.8,0.415,0.214,2712.5,6,0
26.1909,92.7272,Tezpur,NER,503.2,3.6,318.4,0.2,0.9,0.523,0.922,281.0,8,0
25.7051,93.5213,Kohima,NER,2156.4,2.2,159.7,4.3,24.5,0.397,0.442,3502.7,9,0
23.6649,92.7238,Aizawl,NER,798.1,23.1,46.5,8.4,82.2,0.709,0.715,1220.3,9,0
23.7003,93.0127,Aizawl,NER,1803.2,21.6,14.2,0.3,1.0,0.48,0.809,237.4,6,0
26.0292,92.0089,Guwahati,NER,1984.5,11.6,170.0,3.3,16.4,0.574,0.744,1158.1,8,0
23.7054,93.0472,Aizawl,NER,1810.9,6.3,225.1,29.6,107.9,0.486,0.334,10772.8,8,0
23.5855,92.0024,Aizawl,NER,506.0,23.6,81.8,1.1,5.6,0.786,0.764,3398.6,8,1
25.8847,91.1669,Guwahati,NER,1976.3,29.4,291.6,1.4,11.4,0.439,0.541,165.9,6,0
23.327,92.612,Aizawl,NER,1180.3,28.7,94.5,13.5,63.3,0.869,0.757,1172.0,6,0
24.6375,93.8343,Imphal,NER,652.8,23.6,256.0,4.3,42.4,0.286,0.117,185.5,7,0
25.1019,94.0391,Imphal,NER,767.8,11.4,111.5,1.4,13.9,0.664,0.933,684.2,8,0
25.0498,94.2207,Imphal,NER,117.7,6.6,150.6,1.8,6.4,0.323,0.379,891.6,9,0
25.775,94.3039,Kohima,NER,2483.1,7.6,159.9,16.7,84.4,0.445,0.844,510.2,8,0
24.9792,93.8327,Kohima,NER,1134.9,29.8,196.9,4.9,16.4,0.541,0.329,597.1,9,0
23.3268,92.5977,Aizawl,NER,492.5,6.2,226.2,10.3,91.3,0.733,0.681,70.0,8,0
25.5793,92.2249,Shillong,NER,811.7,21.9,37.2,1.8,16.8,0.076,0.71,1967.3,7,1
23.9384,90.8935,Agartala,NER,1167.6,22.9,349.0,8.3,31.3,0.353,0.311,12125.7,9,0
26.1282,92.4843,Tezpur,NER,151.9,22.3,194.1,27.0,253.0,0.442,0.508,113.4,9,0
25.0729,94.0001,Imphal,NER,848.0,23.7,245.7,8.0,41.3,0.106,0.68,24.0,6,1
25.6586,94.2212,Kohima,NER,2186.4,9.0,337.6,1.9,12.7,0.507,0.869,1746.6,9,0
26.68,92.6809,Tezpur,NER,2374.7,5.8,73.0,2.6,14.4,0.337,0.241,1965.1,6,0
23.9317,92.8159,Aizawl,NER,1754.6,33.1,223.1,9.9,42.4,0.923,0.636,2752.9,8,0
26.8042,92.3817,Tezpur,NER,2399.1,34.5,63.3,11.3,37.8,0.607,0.565,502.8,7,0
26.2756,91.6553,Guwahati,NER,1477.4,28.4,334.1,27.6,139.3,0.358,0.324,4523.2,6,0
27.4138,94.8952,Dibrugarh,NER,2369.7,26.9,33.5,5.7,37.6,0.432,0.444,2645.8,6,0
26.5037,93.1223,Tezpur,NER,1674.0,30.3,95.8,2.2,13.3,0.32,0.809,1258.5,7,0
23.6723,90.9527,Agartala,NER,2016.5,22.3,227.0,2.5,8.7,0.567,0.438,6108.2,8,0
26.1099,91.7228,Guwahati,NER,743.2,14.2,259.0,7.6,38.8,0.369,0.633,1733.1,6,0
26.7068,92.5941,Tezpur,NER,1690.9,8.7,48.9,4.2,14.5,0.722,0.368,455.7,8,0
26.7469,94.1662,Itanagar,NER,499.7,13.6,209.1,3.3,16.8,0.403,0.611,1745.7,7,0
27.2454,94.6236,Jorhat,NER,1137.0,10.8,217.5,24.1,98.4,0.596,0.554,1194.5,8,0
25.8442,93.8492,Kohima,NER,1694.4,18.0,189.1,0.1,0.5,0.459,0.71,473.4,7,0
25.4082,91.7979,Shillong,NER,719.9,31.1,73.5,28.3,224.1,0.94,0.076,4064.5,7,0
24.0212,91.7649,Agartala,NER,1281.7,23.5,120.7,7.8,74.3,0.706,0.868,104.3,7,0
27.0486,93.6793,Itanagar,NER,1105.4,28.5,39.4,3.7,35.6,0.742,0.681,211.7,8,0
26.0213,91.6802,Shillong,NER,1743.3,13.5,84.4,4.6,17.0,0.339,0.699,2709.8,8,0
25.5632,91.4412,Shillong,NER,984.9,27.4,146.3,0.3,0.9,0.799,0.594,3360.9,9,0
24.2169,94.2652,Imphal,NER,2415.8,18.6,180.9,0.1,0.7,0.59,0.679,1382.2,6,0
27.3789,95.0115,Dibrugarh,NER,604.5,11.0,76.7,1.1,11.1,0.814,0.479,3256.2,9,0
25.7679,92.0105,Shillong,NER,1350.1,21.6,0.2,0.7,2.5,0.667,0.664,880.3,6,0
26.7385,92.7179,Tezpur,NER,868.1,13.8,16.0,5.6,23.0,0.797,0.618,3370.7,8,0
26.6875,93.2155,Itanagar,NER,1370.2,25.4,121.9,11.9,69.3,0.53,0.152,813.1,6,0
23.6348,91.1784,Agartala,NER,1968.2,28.4,315.8,5.3,29.4,0.498,0.692,558.0,9,0
26.55,92.8546,Tezpur,NER,1693.7,26.6,340.3,9.0,30.4,0.479,0.459,4727.0,6,0
25.8777,91.265,Guwahati,NER,396.6,10.1,12.5,3.7,29.0,0.662,0.887,7.9,7,0
26.1552,92.1869,Guwahati,NER,820.2,15.6,194.3,4.4,32.2,0.829,0.716,7936.9,7,0
25.9353,91.7855,Shillong,NER,165.9,24.4,181.9,0.3,2.7,0.653,0.43,716.7,8,0
25.5572,91.3846,Shillong,NER,1077.8,10.6,189.7,21.4,149.9,0.794,0.677,551.7,8,0
24.8093,93.7166,Imphal,NER,449.5,7.9,249.1,1.8,16.8,0.672,0.458,5225.4,7,0
27.6674,95.2237,Dibrugarh,NER,2233.0,5.2,96.5,3.0,17.1,0.626,0.645,1978.8,9,0
26.304,92.74,Tezpur,NER,1307.6,10.7,349.9,10.3,78.1,0.514,0.754,364.9,8,0
26.6863,92.5394,Tezpur,NER,2240.5,13.0,13.4,7.3,64.3,0.477,0.573,204.9,9,0
27.839,95.5717,Dibrugarh,NER,1666.5,20.4,297.7,7.1,24.4,0.469,0.894,1533.4,8,1
27.0044,93.3111,Itanagar,NER,2384.1,25.8,30.0,3.1,9.7,0.337,0.727,1838.0,9,0
26.1408,92.3529,Guwahati,NER,746.7,17.6,233.2,13.5,107.2,0.606,0.554,2209.3,7,0
23.9238,91.8147,Agartala,NER,1320.9,29.4,165.9,12.8,47.7,0.775,0.748,2393.8,7,0
23.7827,92.5534,Aizawl,NER,1466.2,15.8,340.2,2.3,21.0,0.649,0.475,3226.9,8,0
26.0464,94.1144,Kohima,NER,1693.6,21.7,14.2,5.8,55.9,0.657,0.406,9615.0,6,0
23.8866,92.4674,Aizawl,NER,1092.8,17.1,158.6,6.8,46.3,0.19,0.45,1479.3,7,1
25.0228,93.9458,Imphal,NER,214.7,27.1,152.9,9.9,81.0,0.419,0.78,217.2,9,0
25.3986,94.0987,Kohima,NER,534.1,29.7,222.4,5.4,20.4,0.215,0.816,2566.3,9,1
23.3979,93.3088,Aizawl,NER,791.6,10.6,179.7,1.4,10.3,0.45,0.447,624.1,9,0
27.1335,94.7914,Dibrugarh,NER,727.4,31.3,286.7,8.3,79.0,0.694,0.432,1795.4,6,0
26.8695,94.1961,Jorhat,NER,369.7,28.1,99.7,2.4,13.9,0.485,0.341,166.9,6,0
26.8949,93.6649,Itanagar,NER,2150.8,14.6,83.8,9.2,40.9,0.641,0.762,6427.0,6,0
25.4525,92.2074,Shillong,NER,2119.9,23.3,27.1,20.2,131.6,0.577,0.563,1463.9,8,0
26.2769,91.7812,Guwahati,NER,446.6,37.8,3.1,0.3,1.5,0.135,0.754,1032.9,7,0
27.0606,92.5003,Tezpur,NER,1444.3,13.4,28.3,6.8,66.3,0.683,0.472,1393.6,9,0
26.2161,91.5494,Guwahati,NER,558.5,29.2,307.6,5.8,54.1,0.464,0.441,477.2,7,0
27.6873,94.9283,Dibrugarh,NER,840.0,16.3,36.7,12.7,90.4,0.281,0.255,2914.9,7,0
23.9338,91.4601,Agartala,NER,1434.1,32.5,188.9,0.8,5.2,0.499,0.261,514.3,7,0
24.7199,94.0931,Imphal,NER,1085.4,20.7,115.4,3.7,26.5,0.312,0.548,3304.3,9,0
24.2316,92.5824,Aizawl,NER,2338.3,17.7,314.4,0.7,2.6,0.728,0.503,1499.8,8,0
26.9923,92.2301,Guwahati,NER,1062.1,34.1,289.1,7.5,65.0,0.874,0.488,1693.6,9,0
26.4927,92.6556,Tezpur,NER,2143.0,7.6,122.1,1.8,14.0,0.386,0.61,1151.7,6,0
25.8597,91.956,Shillong,NER,2233.3,26.0,308.8,6.2,28.1,0.511,0.578,543.9,8,0
26.1679,91.9584,Guwahati,NER,1634.3,18.6,269.1,5.2,26.3,0.619,0.213,1194.2,8,0
23.7086,92.9754,Aizawl,NER,251.7,20.9,195.9,43.1,199.3,0.481,0.659,1123.6,7,0
24.1045,90.9634,Agartala,NER,1122.7,29.7,280.2,19.1,170.8,0.685,0.734,762.3,7,0
26.0291,91.6416,Guwahati,NER,336.8,24.8,283.8,9.0,53.7,0.302,0.444,537.2,6,0
27.5325,93.9963,Itanagar,NER,2020.4,15.4,21.6,1.6,12.4,0.714,0.728,5014.8,9,0
27.2108,94.8378,Dibrugarh,NER,1709.1,34.8,268.3,28.0,122.0,0.284,0.115,4806.7,7,0
23.3871,91.4148,Agartala,NER,2055.0,10.2,110.3,21.1,137.8,0.371,0.771,1140.7,6,0
24.5807,94.2029,Imphal,NER,1941.4,15.7,335.4,1.3,11.7,0.95,0.373,1321.0,7,0
25.6341,93.673,Kohima,NER,579.0,20.0,83.2,10.8,60.7,0.709,0.198,1515.2,6,0
26.1843,92.0812,Shillong,NER,1017.4,32.0,184.2,1.6,15.5,0.154,0.919,4037.1,7,0
26.6436,92.7417,Tezpur,NER,2217.4,15.8,33.5,11.4,63.0,0.701,0.759,1515.8,6,0
27.2566,94.7947,Dibrugarh,NER,2122.1,37.6,216.6,12.0,107.4,0.383,0.716,1421.4,7,0
26.9925,93.7087,Itanagar,NER,827.7,27.2,340.9,4.3,33.7,0.529,0.317,920.0,8,0
25.3051,94.2942,Kohima,NER,100.6,2.1,100.7,14.4,45.3,0.394,0.838,2411.0,7,0
26.3333,92.6939,Tezpur,NER,1700.1,34.5,301.0,67.0,273.3,0.467,0.76,163.1,7,0
26.1414,91.6223,Guwahati,NER,1174.2,20.6,166.9,10.8,51.2,0.172,0.499,280.9,9,0
26.3322,94.0386,Jorhat,NER,2318.8,12.9,79.7,1.3,9.4,0.718,0.673,1324.0,6,0
25.4428,94.3112,Kohima,NER,779.2,36.9,162.8,4.4,31.5,0.59,0.718,6389.5,8,0
26.6059,92.2079,Tezpur,NER,1693.8,20.1,37.8,2.1,14.1,0.587,0.376,1315.5,8,0
26.1679,91.3517,Guwahati,NER,1905.6,9.7,1.8,20.2,148.9,0.95,0.415,2980.4,8,0
27.386,93.8679,Itanagar,NER,625.7,41.0,346.5,20.0,142.1,0.148,0.459,3998.2,7,0
26.4809,94.1672,Jorhat,NER,2163.4,22.2,319.3,16.5,90.6,0.389,0.232,7974.3,8,0
26.1309,93.2002,Tezpur,NER,1304.6,15.4,63.5,21.8,105.4,0.512,0.231,172.7,8,0
27.1563,94.047,Jorhat,NER,1075.9,10.4,96.2,12.8,108.8,0.835,0.667,6882.2,9,0
27.7675,94.0657,Itanagar,NER,923.6,9.0,319.5,4.3,31.2,0.625,0.708,96.4,9,0
23.5192,91.1282,Agartala,NER,1156.5,7.5,91.5,0.3,2.4,0.677,0.393,0.8,9,0
24.2136,93.369,Imphal,NER,2249.5,21.3,357.3,5.6,19.0,0.618,0.123,5929.4,6,0
25.6641,91.9067,Shillong,NER,254.2,15.8,125.7,11.9,46.4,0.59,0.415,4900.5,7,0
26.3534,93.4672,Itanagar,NER,463.5,31.6,240.7,0.3,2.0,0.675,0.877,140.9,9,0
24.68,90.9254,Agartala,NER,334.9,32.6,29.1,1.8,6.0,0.596,0.895,1009.3,6,0
25.6158,91.7684,Guwahati,NER,1191.9,34.0,15.2,1.2,11.7,0.595,0.365,628.4,9,0
25.8918,92.0769,Shillong,NER,470.0,13.3,186.9,0.7,5.1,0.557,0.111,1127.7,9,0
27.5514,95.2582,Dibrugarh,NER,1585.4,23.0,259.8,0.3,2.2,0.197,0.839,2346.3,8,0
25.0562,94.7371,Imphal,NER,1331.6,20.4,156.2,2.0,17.2,0.508,0.941,179.7,6,0
25.2614,94.0383,Kohima,NER,1667.5,25.4,19.8,12.8,64.0,0.275,0.714,272.6,7,0
26.4407,93.2786,Tezpur,NER,2393.5,11.0,300.1,7.7,46.6,0.673,0.909,594.4,8,0
26.6417,91.6717,Guwahati,NER,996.3,19.6,120.3,2.7,14.1,0.751,0.682,302.0,6,0
26.6322,94.2834,Jorhat,NER,1819.5,22.9,318.2,1.2,6.7,0.71,0.343,1565.6,8,0
26.2859,92.0036,Guwahati,NER,640.6,8.3,66.9,36.0,113.7,0.484,0.804,546.8,9,0
27.1055,93.9381,Jorhat,NER,1678.7,17.0,153.9,0.6,2.3,0.55,0.208,1037.2,9,0
27.303,93.7176,Itanagar,NER,1103.0,20.2,339.1,8.1,78.1,0.66,0.905,1194.2,9,0
27.0604,92.8378,Tezpur,NER,1865.2,8.2,321.9,11.9,58.6,0.461,0.415,1062.4,9,0
26.9116,92.5712,Tezpur,NER,1828.2,29.0,79.9,4.9,17.3,0.926,0.74,250.1,6,0
25.9416,93.7431,Kohima,NER,524.0,22.6,67.6,14.2,122.6,0.234,0.731,2035.2,9,1
25.9491,91.8724,Shillong,NER,2166.5,17.1,234.2,1.0,6.1,0.378,0.807,4349.6,9,0
26.7168,94.1326,Jorhat,NER,1596.0,3.2,59.3,6.8,26.2,0.946,0.375,421.1,9,0
27.1871,93.5136,Itanagar,NER,1591.5,34.9,231.4,21.1,124.5,0.551,0.416,8584.8,7,0
23.8448,91.4967,Agartala,NER,1575.8,8.4,112.2,14.8,103.5,0.421,0.836,3726.0,7,0
26.2071,91.9616,Guwahati,NER,952.7,27.0,193.5,1.0,5.1,0.455,0.4,312.3,8,0
27.5493,94.8979,Dibrugarh,NER,1429.7,18.0,152.8,6.2,53.7,0.236,0.304,1734.2,8,0
26.407,91.9727,Shillong,NER,2475.4,16.0,331.7,1.1,9.0,0.535,0.781,607.7,9,0
24.7216,93.9508,Imphal,NER,294.3,21.3,190.0,5.5,20.6,0.556,0.892,52.2,7,0
23.3859,92.601,Aizawl,NER,2338.3,24.2,105.7,4.2,39.6,0.274,0.692,1120.3,8,0
26.5193,92.6902,Tezpur,NER,2154.0,6.2,163.4,4.4,16.8,0.613,0.557,1451.1,7,0
25.8646,91.5688,Guwahati,NER,1614.5,10.0,307.7,19.2,102.9,0.618,0.443,461.9,9,0
26.1083,92.1116,Guwahati,NER,1086.8,29.6,303.3,11.9,76.8,0.767,0.44,1057.0,9,0
26.5325,93.5519,Itanagar,NER,795.7,39.6,65.9,5.0,27.3,0.838,0.463,978.9,7,0
27.1085,92.6438,Tezpur,NER,325.2,35.3,138.2,4.4,25.8,0.552,0.503,2448.7,7,0
24.7147,91.9479,Shillong,NER,630.8,27.9,317.0,15.4,92.7,0.807,0.494,1280.4,7,0
25.2098,94.2187,Imphal,NER,528.3,24.9,60.8,15.2,80.1,0.353,0.579,470.3,7,0
25.4798,94.2132,Kohima,NER,1849.3,7.3,321.8,24.5,224.5,0.422,0.572,176.3,8,0
26.7962,94.2309,Jorhat,NER,469.0,19.3,72.1,9.3,57.3,0.73,0.922,706.7,6,0
27.2707,93.6972,Itanagar,NER,1560.6,20.3,105.3,1.3,10.4,0.427,0.939,595.1,7,0
27.7635,94.8545,Dibrugarh,NER,1628.1,20.1,222.4,15.0,66.5,0.693,0.743,2734.1,7,0
26.6916,92.3358,Tezpur,NER,2034.6,38.1,286.0,17.5,85.5,0.579,0.672,215.8,7,0
25.56,91.8469,Shillong,NER,2404.6,16.7,84.4,2.6,23.9,0.805,0.781,332.4,6,1
23.5501,92.1308,Aizawl,NER,1469.6,5.0,300.0,9.5,76.7,0.702,0.419,4469.2,7,0
26.565,94.1685,Jorhat,NER,1506.1,20.3,68.8,1.4,6.6,0.564,0.579,4830.2,7,0
27.6105,93.6091,Itanagar,NER,1949.0,27.2,87.2,6.0,51.6,0.417,0.555,65.7,9,0
27.1501,95.7018,Dibrugarh,NER,1997.4,16.4,145.5,0.9,6.8,0.293,0.809,1528.1,9,0
25.8244,94.1088,Kohima,NER,2187.8,27.5,176.9,4.4,24.6,0.913,0.568,433.3,6,0
27.2824,94.6925,Dibrugarh,NER,1682.4,14.1,106.1,0.7,7.1,0.397,0.537,4133.3,8,0
25.8007,91.7972,Shillong,NER,941.8,6.6,246.1,5.2,50.0,0.7,0.91,120.6,8,0
23.5934,91.692,Agartala,NER,354.7,17.7,89.7,4.3,29.5,0.373,0.838,3188.6,8,0
25.6164,92.1774,Shillong,NER,1609.9,16.3,148.2,13.5,74.2,0.786,0.554,3249.2,7,0
23.4494,91.816,Agartala,NER,2163.7,24.1,273.0,0.2,1.2,0.879,0.785,4337.9,9,0
24.237,90.469,Agartala,NER,1055.4,21.2,305.0,15.6,120.0,0.711,0.437,195.9,9,0
24.2921,91.6566,Agartala,NER,168.0,17.1,77.3,5.9,49.1,0.65,0.623,5314.5,9,0
27.2103,93.8049,Itanagar,NER,1288.0,26.6,23.4,11.2,88.5,0.681,0.706,1119.6,8,0
23.772,91.7215,Agartala,NER,2358.3,12.3,348.5,0.5,3.7,0.594,0.696,2875.8,8,0
26.8261,93.6821,Jorhat,NER,224.0,21.9,163.2,8.1,61.3,0.408,0.448,1265.3,6,0
26.1354,93.5804,Kohima,NER,1335.8,25.4,176.9,8.1,40.8,0.634,0.7,2742.8,9,0
26.2821,93.459,Tezpur,NER,2160.1,12.9,193.8,17.9,160.0,0.409,0.539,2864.9,8,0
26.1144,94.2332,Kohima,NER,459.7,3.5,46.9,2.1,16.4,0.05,0.399,149.0,9,0
26.8322,93.1194,Itanagar,NER,1510.5,24.0,229.0,5.8,56.0,0.362,0.822,800.9,8,0
25.9099,93.9209,Kohima,NER,2489.5,22.4,5.5,0.2,0.5,0.738,0.826,1346.7,6,0
25.7897,94.1573,Kohima,NER,1937.8,30.5,291.7,15.3,146.3,0.566,0.429,300.0,9,1
26.2234,94.0115,Jorhat,NER,773.5,21.8,234.6,13.0,43.3,0.496,0.598,1343.3,9,0
25.1854,92.2549,Shillong,NER,154.0,0.9,327.4,3.3,19.3,0.764,0.375,6241.2,6,0
26.6634,91.998,Guwahati,NER,2030.2,3.9,134.5,0.8,8.0,0.527,0.944,594.1,9,0
26.9101,92.8872,Tezpur,NER,2216.5,17.8,161.3,20.3,124.2,0.567,0.643,624.0,6,0
25.2911,91.6805,Shillong,NER,480.7,11.4,49.6,16.8,110.6,0.732,0.539,1565.4,7,0
27.0414,93.2473,Itanagar,NER,103.3,2.7,175.6,13.6,64.4,0.66,0.673,9971.0,7,0
26.3264,94.1631,Kohima,NER,345.3,12.7,300.3,2.2,19.5,0.745,0.787,3222.5,9,0
23.6207,91.1954,Agartala,NER,761.1,45.6,32.8,3.5,26.4,0.885,0.445,4545.9,9,0
23.7777,91.5805,Agartala,NER,1089.0,19.0,254.5,10.6,33.7,0.95,0.716,321.3,8,0
23.3427,92.8358,Aizawl,NER,908.6,8.3,67.7,0.2,1.4,0.498,0.921,3068.7,9,0
25.2549,92.0883,Shillong,NER,1630.5,31.6,304.8,7.5,58.4,0.548,0.848,4015.8,8,0
27.3133,93.2862,Itanagar,NER,1677.6,19.5,351.9,26.8,153.8,0.467,0.587,110.9,6,0
26.7267,93.7549,Itanagar,NER,703.4,10.0,177.1,1.2,10.4,0.381,0.429,3747.3,8,0
24.3052,94.1178,Imphal,NER,403.3,11.5,51.5,2.6,10.6,0.405,0.85,409.0,9,1
23.9597,91.0648,Agartala,NER,1149.5,8.3,171.6,6.8,36.5,0.584,0.619,337.7,8,0
23.5156,93.0517,Aizawl,NER,931.0,10.2,207.7,2.7,20.0,0.879,0.417,1528.2,8,0
25.2806,91.3637,Shillong,NER,1829.0,22.0,210.3,17.8,97.5,0.656,0.283,2114.6,7,0
25.7322,91.5961,Guwahati,NER,1755.6,17.2,206.7,4.0,18.9,0.474,0.585,3575.7,6,0
24.1441,92.9829,Aizawl,NER,638.2,6.0,61.0,10.3,62.6,0.546,0.42,744.9,7,0
26.9317,92.4476,Tezpur,NER,2137.1,12.1,339.2,19.1,106.3,0.95,0.609,1971.2,6,0
25.2599,94.0155,Kohima,NER,166.8,12.5,264.6,5.0,16.3,0.777,0.415,263.6,9,0
27.1402,92.638,Tezpur,NER,594.5,25.8,347.2,13.3,126.2,0.837,0.776,564.1,6,0
23.7337,92.6921,Aizawl,NER,914.1,36.5,307.1,1.4,10.6,0.627,0.608,1108.7,9,0
27.0692,92.334,Tezpur,NER,291.1,37.4,231.8,2.0,16.9,0.672,0.337,2421.0,9,0
26.5718,95.1834,Dibrugarh,NER,1641.6,12.3,342.6,25.4,95.2,0.904,0.882,1726.6,6,0
24.0874,93.3315,Aizawl,NER,2294.7,9.0,105.3,3.7,33.8,0.817,0.285,1661.6,7,0
23.4428,92.4746,Aizawl,NER,1444.8,18.4,252.9,1.6,6.4,0.49,0.16,1454.4,9,0
23.1498,92.8762,Aizawl,NER,1806.7,11.5,267.1,4.7,29.2,0.573,0.9,4353.5,9,0
25.6716,91.6651,Shillong,NER,2106.6,9.9,254.0,7.4,39.4,0.394,0.712,1894.3,7,0
27.4528,94.9757,Dibrugarh,NER,2197.2,6.2,187.1,10.0,85.6,0.529,0.879,312.6,7,0
25.0581,91.8746,Shillong,NER,1790.4,8.0,202.5,28.5,272.1,0.95,0.467,1838.0,9,0
26.6187,92.869,Tezpur,NER,1755.1,3.1,171.0,4.4,32.0,0.247,0.471,2647.9,9,0
26.9195,93.7832,Itanagar,NER,1622.4,14.5,75.8,7.2,41.7,0.599,0.643,3847.6,6,0
26.1054,91.6209,Guwahati,NER,1152.3,8.4,196.6,16.0,111.0,0.813,0.628,2254.9,8,0
25.8758,94.6559,Kohima,NER,2369.5,42.6,27.4,14.1,133.6,0.281,0.311,1200.9,7,1
25.3219,94.2019,Imphal,NER,739.3,11.2,265.3,1.2,10.0,0.458,0.807,29.8,7,0
24.702,93.8211,Imphal,NER,1175.1,10.1,144.7,2.9,14.7,0.205,0.317,2982.1,8,0
23.6234,93.1643,Aizawl,NER,893.9,25.3,344.6,4.0,20.6,0.95,0.811,1558.2,7,1
25.183,93.95,Imphal,NER,2080.8,17.7,225.5,8.4,57.3,0.871,0.739,207.4,7,0
25.6704,91.8954,Shillong,NER,1895.3,21.5,126.5,2.8,22.7,0.368,0.707,3081.2,9,0
26.7418,92.7307,Tezpur,NER,1578.9,6.6,74.9,27.4,147.6,0.705,0.647,382.8,7,0
24.5218,94.5345,Imphal,NER,1399.6,10.4,40.5,3.0,26.5,0.73,0.88,395.9,7,0
24.2148,91.3034,Agartala,NER,1106.2,14.8,290.0,6.4,38.9,0.741,0.67,2122.2,9,0
27.1094,92.6486,Tezpur,NER,2209.9,25.5,208.8,2.7,21.7,0.802,0.658,2322.6,8,0
26.0545,91.5698,Guwahati,NER,230.3,8.5,21.4,6.3,22.1,0.247,0.566,1749.3,8,0
27.11,93.4011,Itanagar,NER,2126.1,21.9,252.4,75.9,367.6,0.632,0.711,1218.7,8,0
24.1079,93.3313,Aizawl,NER,423.3,22.4,157.7,13.1,62.7,0.74,0.358,2660.9,9,0
26.3168,93.0637,Tezpur,NER,1831.8,9.5,43.6,1.5,14.6,0.732,0.449,688.4,6,0
27.4311,94.2361,Jorhat,NER,810.6,7.2,210.2,6.5,63.1,0.567,0.24,1246.0,7,0
27.4999,94.9384,Dibrugarh,NER,247.9,13.5,78.7,4.2,34.0,0.392,0.119,5597.3,9,0
25.4104,91.2369,Shillong,NER,2449.4,17.7,56.0,12.4,73.6,0.95,0.45,849.1,6,0
27.3379,94.8751,Dibrugarh,NER,1099.3,16.9,335.7,11.7,43.8,0.803,0.807,150.0,6,0
25.9595,92.1815,Shillong,NER,125.7,28.0,313.8,0.6,2.1,0.243,0.576,312.2,8,1
27.2013,94.6964,Dibrugarh,NER,1325.8,11.5,80.9,5.9,28.6,0.786,0.963,1016.7,7,1
23.5312,92.9303,Aizawl,NER,1276.5,28.8,54.9,8.0,37.9,0.629,0.684,987.5,9,0
26.349,94.6271,Jorhat,NER,1125.1,15.8,328.8,2.6,24.7,0.723,0.672,1390.5,7,0
24.1815,92.396,Aizawl,NER,1977.7,31.1,58.3,7.6,60.0,0.509,0.806,890.0,7,0
25.6821,91.9536,Guwahati,NER,1978.4,11.3,143.3,1.0,6.7,0.859,0.185,155.2,9,0
26.2204,94.098,Jorhat,NER,815.3,28.6,141.6,17.0,75.6,0.561,0.903,1411.9,7,0
24.6769,93.94,Imphal,NER,438.2,33.4,172.4,2.8,13.9,0.92,0.814,2504.1,7,0
25.4118,91.7316,Shillong,NER,401.6,23.5,268.7,15.1,99.4,0.273,0.929,3565.5,7,0
24.1181,94.2868,Imphal,NER,2334.4,38.5,207.1,3.7,17.2,0.799,0.689,5893.0,7,0
26.0497,94.3103,Kohima,NER,2466.5,25.4,151.7,7.6,50.3,0.369,0.6,200.8,8,0
25.4173,91.8933,Shillong,NER,148.0,5.4,185.1,23.7,226.1,0.552,0.558,7114.6,7,0
27.5257,93.708,Itanagar,NER,1873.1,7.4,279.8,24.5,204.9,0.55,0.336,1290.3,7,0
26.9149,92.8577,Tezpur,NER,1055.2,20.3,18.0,14.7,69.4,0.858,0.622,696.4,6,0
26.6542,91.8001,Guwahati,NER,2112.4,2.2,131.9,18.0,156.0,0.282,0.674,611.3,9,0
27.2194,94.902,Dibrugarh,NER,1104.1,2.8,202.6,32.1,108.6,0.871,0.656,701.7,7,0
25.8397,94.366,Kohima,NER,1851.1,21.9,15.0,3.6,22.5,0.691,0.403,37.0,9,0
26.217,93.81,Kohima,NER,2352.3,46.3,217.8,6.8,31.3,0.45,0.678,746.0,6,0
23.5348,92.622,Aizawl,NER,1234.7,20.7,19.4,12.1,43.0,0.52,0.487,5265.1,9,0
24.0888,91.074,Agartala,NER,938.7,8.6,211.7,9.8,88.2,0.785,0.463,821.3,6,0
27.4785,94.9248,Dibrugarh,NER,2123.1,1.7,44.7,6.2,32.0,0.171,0.948,3415.6,9,1
25.9753,91.8763,Guwahati,NER,1145.1,6.2,329.2,6.5,58.7,0.721,0.678,4344.4,8,0
25.5056,94.1067,Kohima,NER,1599.0,20.4,213.0,13.3,54.2,0.671,0.596,4204.7,8,0
26.4576,91.5179,Guwahati,NER,2180.2,17.8,224.3,9.7,44.7,0.732,0.951,2985.0,8,0
26.8656,92.2608,Guwahati,NER,391.5,21.0,315.9,4.7,43.2,0.915,0.774,7678.9,9,0
26.6831,94.0109,Itanagar,NER,1940.6,8.2,38.8,1.7,6.9,0.521,0.795,1778.9,9,0
26.2123,91.2214,Guwahati,NER,1556.5,0.9,122.8,7.2,37.6,0.445,0.51,376.7,8,0
25.3768,94.2639,Imphal,NER,136.5,26.9,232.5,33.6,155.3,0.507,0.206,253.9,9,0
25.6056,93.9871,Kohima,NER,791.1,11.2,307.7,3.3,30.5,0.39,0.533,527.4,9,0
27.5035,94.0255,Itanagar,NER,2087.3,17.0,145.7,8.0,49.9,0.554,0.408,407.5,7,0
27.3763,95.4893,Dibrugarh,NER,1155.2,3.5,320.8,6.8,61.1,0.538,0.871,4390.0,8,0
26.9338,93.086,Tezpur,NER,583.5,32.9,115.7,21.8,175.7,0.567,0.646,3810.4,6,0
23.9895,92.7649,Aizawl,NER,1981.7,3.0,244.4,2.7,24.8,0.617,0.575,954.9,8,0
26.1438,94.0852,Kohima,NER,2019.0,31.3,98.8,2.1,13.9,0.778,0.874,2773.1,9,1
27.2981,93.5758,Itanagar,NER,128.2,7.0,245.3,7.2,57.8,0.519,0.325,1373.4,8,0
26.8089,92.8372,Tezpur,NER,2021.0,11.2,240.2,0.8,4.6,0.568,0.788,14.5,6,0
24.9356,93.9358,Imphal,NER,2197.8,12.7,295.4,4.6,16.3,0.343,0.728,1618.0,8,1
26.0946,91.809,Guwahati,NER,707.8,6.7,176.9,2.3,16.7,0.254,0.646,4979.7,6,0
26.4327,92.3252,Tezpur,NER,1874.8,13.0,314.5,30.6,203.4,0.95,0.7,946.3,7,0
26.6159,92.9841,Tezpur,NER,238.2,41.0,124.6,6.1,44.4,0.336,0.751,11994.0,9,0
27.8785,94.927,Dibrugarh,NER,1964.5,16.7,321.6,17.4,69.8,0.68,0.141,5951.0,8,0
26.7462,94.8819,Jorhat,NER,1306.3,19.8,70.4,5.9,51.2,0.39,0.513,1655.2,7,0
26.23,91.6966,Guwahati,NER,2081.6,10.4,67.5,7.6,62.7,0.418,0.346,703.7,7,0
27.2395,93.9934,Itanagar,NER,1032.8,21.9,224.4,42.1,204.8,0.491,0.263,10157.8,7,0
23.9206,92.6118,Aizawl,NER,885.4,11.1,60.6,7.0,47.0,0.468,0.259,1697.7,8,0
25.496,93.7992,Kohima,NER,1208.2,21.8,264.5,7.9,66.3,0.138,0.537,18.1,6,0
25.2766,92.2162,Shillong,NER,1322.8,7.7,77.5,15.7,81.9,0.487,0.511,259.3,7,0
27.1334,93.4179,Itanagar,NER,873.5,28.6,215.7,20.7,124.6,0.648,0.838,4453.3,8,1
25.915,91.9601,Shillong,NER,1055.6,29.4,345.4,6.5,24.3,0.84,0.733,4011.3,8,0
23.9822,92.1169,Aizawl,NER,1481.7,5.4,309.0,5.6,30.1,0.883,0.497,1570.2,9,0
25.3385,94.3071,Imphal,NER,2129.0,14.0,351.5,22.6,113.3,0.461,0.693,509.7,7,0
24.7849,94.547,Imphal,NER,1635.1,24.5,203.0,2.7,20.8,0.354,0.448,4098.8,7,0
24.2179,92.7908,Aizawl,NER,436.2,13.3,314.7,18.0,116.9,0.474,0.441,1341.7,9,0
25.2815,92.2137,Shillong,NER,2134.2,6.2,60.4,26.2,165.9,0.615,0.644,1684.0,7,0
26.7007,92.4049,Tezpur,NER,759.2,19.5,184.5,5.9,23.6,0.434,0.766,28.2,9,0
26.565,94.3916,Jorhat,NER,2381.7,32.9,304.8,1.9,15.0,0.38,0.676,1299.8,9,0
27.0464,93.4422,Itanagar,NER,2098.7,33.3,114.0,18.8,156.5,0.373,0.38,1422.6,6,0
25.3233,93.6235,Kohima,NER,1193.8,10.3,272.4,16.0,144.1,0.826,0.794,1001.6,8,0
26.1858,91.2745,Guwahati,NER,1183.7,23.5,5.5,15.0,78.5,0.359,0.824,5452.5,7,0
26.1394,91.9006,Guwahati,NER,1510.1,13.9,251.4,0.0,0.1,0.46,0.89,1168.6,6,0
27.7257,94.9115,Dibrugarh,NER,1796.2,11.0,257.8,8.3,50.1,0.844,0.367,37.5,7,0
24.4965,94.2431,Imphal,NER,260.3,16.6,214.5,2.6,14.2,0.261,0.655,339.0,6,0
26.3942,92.9166,Tezpur,NER,1079.2,8.4,38.3,2.6,10.0,0.284,0.48,2104.7,8,0
27.6112,95.2977,Dibrugarh,NER,1354.5,8.0,256.3,3.1,23.1,0.788,0.356,288.7,6,0
24.7665,94.0617,Imphal,NER,359.6,8.5,271.3,21.8,137.6,0.375,0.644,1144.8,7,0
24.7808,94.0424,Imphal,NER,1766.9,31.5,308.0,13.7,121.8,0.436,0.97,283.1,7,0
27.5258,94.3457,Jorhat,NER,1995.7,16.9,149.2,1.1,4.7,0.817,0.451,124.2,6,0
27.0514,94.404,Dibrugarh,NER,160.9,20.8,207.7,3.0,9.5,0.457,0.684,1310.7,8,0
25.3959,91.509,Shillong,NER,868.0,28.6,80.1,4.3,20.8,0.583,0.346,5200.4,8,0
24.173,91.3355,Agartala,NER,856.1,1.1,59.7,28.5,103.8,0.41,0.855,5.3,7,0
26.561,93.1463,Tezpur,NER,706.7,16.2,248.4,0.3,0.8,0.659,0.534,3783.9,9,0
27.2499,93.8173,Itanagar,NER,1907.1,24.5,196.7,3.8,12.7,0.58,0.855,2252.5,8,0
24.144,92.8732,Aizawl,NER,1054.9,17.8,203.9,4.2,15.3,0.731,0.315,1082.6,6,0
24.9639,94.6114,Imphal,NER,265.6,12.6,112.0,3.3,19.0,0.624,0.358,2529.2,6,0
26.1839,92.0213,Guwahati,NER,216.5,12.0,128.7,3.1,10.2,0.404,0.933,281.6,9,0
26.4291,93.7579,Jorhat,NER,1583.3,5.4,162.1,7.8,63.7,0.507,0.722,22.2,9,1
26.6639,92.9857,Tezpur,NER,1939.9,15.0,191.6,26.6,176.6,0.609,0.764,378.5,7,0
27.5886,93.6755,Itanagar,NER,1154.3,7.1,6.5,12.0,89.8,0.554,0.668,5630.9,7,0
25.7603,92.0788,Shillong,NER,1751.6,10.3,241.5,2.0,6.3,0.408,0.604,1136.7,7,0
25.9569,92.2463,Shillong,NER,705.3,27.9,192.2,2.6,8.8,0.309,0.875,1798.4,8,0
24.4738,93.7025,Imphal,NER,881.0,7.7,117.3,1.0,7.3,0.939,0.907,463.2,8,0
26.2271,91.3472,Guwahati,NER,1874.8,6.8,295.0,9.4,87.4,0.559,0.638,2478.4,6,0
25.4939,91.7358,Shillong,NER,236.6,19.1,153.8,16.9,158.9,0.526,0.409,1881.6,7,0
26.2529,94.2079,Jorhat,NER,1210.6,4.7,240.6,9.9,62.5,0.562,0.707,2530.8,6,0
25.079,94.4145,Kohima,NER,2090.1,12.5,121.7,15.1,140.2,0.338,0.804,1657.4,7,0
23.592,92.6642,Aizawl,NER,206.1,22.7,228.1,1.5,14.3,0.387,0.889,765.3,9,0
27.1437,94.8728,Dibrugarh,NER,1694.4,21.8,41.8,2.2,11.2,0.831,0.655,3644.0,9,0
26.6074,92.173,Tezpur,NER,2373.0,18.4,340.3,11.8,47.6,0.636,0.398,830.5,7,0
23.5485,91.1161,Agartala,NER,2162.0,8.1,313.8,4.5,17.3,0.787,0.742,1035.3,9,0
23.9067,92.8801,Aizawl,NER,1946.0,34.0,262.4,5.4,26.0,0.816,0.651,1139.1,6,0
27.1404,92.6999,Tezpur,NER,1220.7,12.8,217.8,12.9,70.3,0.723,0.197,2010.9,8,0
23.4956,91.6348,Agartala,NER,1409.2,21.8,302.2,6.6,42.5,0.742,0.412,2298.2,6,0
27.0427,94.2766,Jorhat,NER,1789.8,29.9,131.4,5.9,46.2,0.689,0.906,279.9,6,0
25.5718,92.8032,Guwahati,NER,2333.0,16.1,80.6,10.0,69.0,0.415,0.637,650.2,8,0
26.5356,92.2766,Tezpur,NER,2272.2,10.7,121.1,31.3,243.3,0.527,0.896,3543.4,7,0
27.6253,93.4468,Itanagar,NER,538.4,24.5,217.2,2.0,7.1,0.747,0.55,2566.9,9,0
26.6357,94.0327,Itanagar,NER,1410.5,12.9,359.8,40.1,211.1,0.434,0.735,5949.3,6,0
23.6722,92.8998,Aizawl,NER,1052.6,18.6,336.9,13.5,42.2,0.856,0.638,7108.8,7,0
26.0237,93.9227,Kohima,NER,638.5,22.3,122.1,0.9,7.5,0.95,0.247,5802.7,6,0
26.6557,91.9013,Guwahati,NER,2120.7,31.5,121.6,0.9,7.8,0.245,0.319,7.9,9,0
25.4924,91.9176,Shillong,NER,1838.1,41.9,180.6,26.2,210.1,0.68,0.603,3069.0,7,0
25.493,92.1022,Shillong,NER,806.4,16.4,77.4,25.6,100.0,0.477,0.541,275.1,8,0
26.996,94.1552,Jorhat,NER,595.6,19.9,50.3,11.4,39.8,0.537,0.466,648.8,9,0
27.3506,94.8483,Dibrugarh,NER,448.2,15.5,44.2,11.5,69.4,0.362,0.882,3372.6,9,0
26.9586,94.7879,Dibrugarh,NER,230.5,21.2,193.9,6.6,56.7,0.512,0.322,2330.2,9,0
26.2372,91.8905,Guwahati,NER,2481.4,11.2,208.3,1.6,6.8,0.553,0.337,2613.2,9,0
24.026,91.4409,Agartala,NER,1953.2,5.4,333.8,35.1,241.0,0.307,0.666,809.2,8,0
26.9675,92.8883,Tezpur,NER,381.9,4.9,27.3,8.5,71.4,0.65,0.462,278.5,7,0
25.9626,92.0639,Shillong,NER,2032.6,18.8,213.0,48.9,425.8,0.703,0.806,485.7,7,0
26.0252,91.9922,Guwahati,NER,303.1,12.7,312.7,3.8,28.0,0.398,0.654,3903.3,9,0
26.9843,93.4616,Itanagar,NER,1857.0,26.6,304.7,32.2,137.8,0.688,0.757,284.5,9,0
25.8334,91.451,Guwahati,NER,1701.3,13.0,257.6,1.1,10.9,0.453,0.811,740.8,8,0
24.9186,94.1875,Imphal,NER,552.4,19.6,315.9,6.1,52.1,0.444,0.616,1776.8,8,0
27.337,94.8311,Dibrugarh,NER,1578.2,6.2,225.4,16.8,87.5,0.626,0.977,2838.7,8,0
27.2448,93.5648,Itanagar,NER,1503.1,24.7,257.9,3.4,18.0,0.774,0.728,3880.0,9,0
27.0507,92.623,Tezpur,NER,685.2,35.4,20.0,0.4,3.8,0.794,0.87,3406.1,9,0
23.5551,91.2982,Agartala,NER,1064.8,6.3,308.4,2.3,21.4,0.677,0.601,702.0,8,0
26.0786,91.997,Guwahati,NER,1524.7,9.2,158.4,2.1,17.5,0.666,0.51,276.1,8,0
25.3721,92.2921,Shillong,NER,516.1,16.9,246.2,0.5,4.0,0.608,0.651,6872.3,8,0
23.916,92.9841,Aizawl,NER,2003.4,9.7,88.6,4.5,25.8,0.304,0.367,4978.4,7,0
26.8224,93.7502,Itanagar,NER,347.9,1.5,260.6,9.9,95.7,0.474,0.535,555.0,6,0
26.3563,94.2375,Jorhat,NER,1999.8,21.4,73.9,18.1,76.5,0.486,0.723,7318.1,8,0
27.1957,93.9395,Jorhat,NER,706.2,16.0,75.2,9.8,53.8,0.518,0.785,3305.3,8,0
25.4134,94.4629,Kohima,NER,1916.8,3.2,44.6,10.0,44.8,0.559,0.615,2243.1,7,0
25.5389,94.3587,Kohima,NER,1213.1,7.7,315.1,7.2,44.0,0.526,0.936,3295.9,9,1
26.3505,92.3393,Guwahati,NER,1418.2,30.6,221.9,4.2,22.8,0.471,0.544,1128.6,8,0
27.2305,95.2156,Dibrugarh,NER,1123.7,15.7,295.2,1.8,9.7,0.459,0.83,335.1,6,0
27.6799,94.8549,Dibrugarh,NER,2473.8,9.4,98.7,14.1,124.5,0.403,0.479,1203.6,9,0
26.2269,91.7758,Shillong,NER,167.8,21.7,242.4,2.4,12.8,0.851,0.386,3250.1,8,0
24.9105,94.4165,Imphal,NER,969.5,26.0,239.2,3.7,21.2,0.826,0.612,1150.3,6,0
26.5019,91.9971,Guwahati,NER,1324.6,40.3,212.0,12.7,119.6,0.65,0.405,1396.6,9,0
25.0323,92.1907,Shillong,NER,658.2,23.2,245.7,5.3,28.3,0.95,0.83,953.5,6,0
26.3369,91.6034,Guwahati,NER,953.3,12.8,11.8,9.9,91.5,0.775,0.48,755.3,9,0
23.7803,92.3263,Aizawl,NER,1148.3,27.3,284.9,0.8,8.0,0.532,0.262,1840.0,6,0
23.3732,92.904,Aizawl,NER,1848.7,30.0,136.7,3.7,21.8,0.546,0.66,201.1,6,0
25.9569,93.7727,Kohima,NER,793.6,9.8,6.2,13.3,72.5,0.19,0.895,416.9,7,1
27.6064,94.8902,Dibrugarh,NER,436.8,4.7,40.5,12.4,41.5,0.731,0.838,861.6,7,0
26.3286,91.6139,Guwahati,NER,2048.9,30.1,91.0,36.2,234.4,0.332,0.962,3058.3,7,0
26.5046,92.843,Tezpur,NER,1560.9,20.2,302.7,12.6,122.0,0.308,0.489,2757.1,6,0
25.2539,93.3658,Imphal,NER,137.9,31.2,345.9,7.3,66.1,0.7,0.364,1533.7,6,0
25.3983,91.9744,Guwahati,NER,745.1,21.2,51.4,0.0,0.1,0.747,0.693,616.0,8,0
23.881,91.9717,Agartala,NER,741.6,7.1,343.8,4.7,46.4,0.745,0.627,333.7,8,0
27.1011,93.5539,Itanagar,NER,2495.9,4.6,5.5,10.4,72.2,0.412,0.379,1806.6,6,0
23.9146,93.3697,Aizawl,NER,1793.2,32.9,125.8,3.8,12.8,0.306,0.803,31.7,6,0
26.605,93.8276,Jorhat,NER,253.9,26.6,120.9,11.3,106.6,0.734,0.149,730.7,7,0
27.4995,94.9447,Dibrugarh,NER,1697.0,13.6,356.2,2.3,13.0,0.488,0.674,4531.1,6,0
27.1332,94.686,Dibrugarh,NER,894.1,13.1,142.6,7.2,58.2,0.477,0.471,593.4,6,0
25.5488,92.2192,Shillong,NER,2166.7,31.2,220.7,11.8,83.1,0.407,0.342,1059.2,7,0
27.1448,94.0584,Jorhat,NER,1839.5,21.0,292.1,2.5,16.2,0.468,0.624,178.7,9,0
26.6966,93.2292,Tezpur,NER,1381.0,25.8,32.3,0.9,2.9,0.233,0.26,649.7,7,0
24.5253,93.8523,Imphal,NER,1025.5,24.6,265.7,16.0,120.8,0.486,0.837,5648.2,9,0
24.5713,91.1234,Agartala,NER,289.2,12.8,34.4,1.6,13.0,0.478,0.521,9638.4,6,0
25.3097,91.7563,Shillong,NER,1764.1,18.1,163.8,19.0,169.0,0.471,0.477,2537.8,8,0
25.1104,93.8028,Imphal,NER,1920.3,11.3,209.8,13.3,101.1,0.403,0.758,1160.9,6,0
24.6355,94.1869,Imphal,NER,1635.1,20.6,264.3,9.6,75.4,0.909,0.664,668.5,7,0
24.077,91.5637,Agartala,NER,438.1,13.7,118.2,4.4,33.2,0.377,0.755,1898.7,7,0
27.1153,93.7552,Itanagar,NER,2047.5,31.3,117.8,7.7,75.0,0.677,0.506,174.3,9,1
23.6143,93.5141,Aizawl,NER,547.8,11.4,63.2,0.8,6.8,0.641,0.576,2201.4,6,0
26.4625,91.8477,Guwahati,NER,1107.7,6.6,336.7,1.2,10.3,0.863,0.621,430.4,6,0
23.8445,91.3034,Agartala,NER,1255.3,20.1,195.4,11.8,92.5,0.906,0.554,2772.5,8,0
24.4859,92.3157,Aizawl,NER,1133.7,7.4,213.4,2.6,16.6,0.705,0.228,114.2,6,1
26.2851,92.6492,Tezpur,NER,1093.9,4.7,359.6,16.9,53.4,0.379,0.658,715.0,7,0
26.4162,94.2651,Jorhat,NER,1200.2,14.2,283.1,2.2,20.9,0.495,0.324,1499.5,9,0
24.9608,94.3036,Imphal,NER,1223.4,15.9,144.3,12.8,74.2,0.597,0.876,375.8,9,0
25.5455,92.3427,Shillong,NER,1411.6,21.4,175.9,0.9,4.2,0.674,0.683,1649.6,7,0
23.998,93.7988,Imphal,NER,1121.2,9.5,70.8,0.5,4.1,0.605,0.656,1609.3,7,0
24.0094,91.7058,Agartala,NER,685.4,9.1,245.3,1.6,9.6,0.098,0.481,1465.7,6,0
25.9594,94.161,Kohima,NER,1998.7,8.9,223.8,1.2,6.2,0.741,0.584,1501.2,9,0
25.9271,94.0763,Kohima,NER,2138.6,11.4,350.4,9.8,66.3,0.214,0.678,2085.5,7,0
24.2166,92.564,Aizawl,NER,1598.4,27.6,116.3,8.5,35.0,0.449,0.653,159.5,6,0
27.2542,94.9057,Dibrugarh,NER,159.2,18.7,138.1,2.0,6.4,0.557,0.563,3118.1,7,0
25.5499,93.9929,Kohima,NER,1457.3,23.0,229.9,32.2,159.0,0.628,0.275,554.4,8,0
27.9502,94.7461,Dibrugarh,NER,711.4,17.0,15.3,9.3,51.8,0.18,0.3,7447.1,6,0
26.2263,93.8204,Kohima,NER,525.0,18.7,146.6,4.0,15.9,0.838,0.382,362.6,8,0
25.2033,94.0911,Kohima,NER,1543.3,13.6,145.3,14.3,137.3,0.574,0.669,2359.9,6,0
23.4976,92.5602,Aizawl,NER,1261.6,5.7,348.8,10.6,52.1,0.607,0.791,107.0,7,0
27.6766,94.6223,Dibrugarh,NER,1958.2,17.5,349.0,0.2,0.7,0.864,0.558,1673.6,6,0
23.7216,91.3167,Agartala,NER,259.4,7.6,203.3,25.9,231.3,0.779,0.162,872.0,8,0
25.3568,93.8777,Kohima,NER,369.5,13.1,274.3,17.0,86.5,0.665,0.507,1511.0,8,0
26.3347,93.1192,Tezpur,NER,1920.2,28.1,326.9,9.6,75.5,0.052,0.818,2833.4,7,0
25.7426,91.6199,Shillong,NER,210.2,15.1,84.8,5.0,49.7,0.276,0.414,3446.8,8,1
26.4186,93.1908,Tezpur,NER,1496.3,16.5,195.1,21.4,86.4,0.635,0.729,2187.7,7,0
25.9894,91.427,Guwahati,NER,384.6,19.8,112.0,0.3,1.9,0.217,0.647,7385.9,9,0
27.0188,93.6248,Itanagar,NER,912.3,6.1,43.6,7.7,62.5,0.161,0.643,851.9,7,1
26.3963,92.7746,Tezpur,NER,567.1,17.2,67.2,37.2,336.2,0.383,0.73,2490.9,7,0
23.5142,91.3696,Agartala,NER,2263.5,17.5,284.5,21.0,191.9,0.229,0.708,2.7,6,0
25.6855,93.8983,Kohima,NER,1340.3,8.8,228.2,1.3,8.1,0.577,0.627,208.3,9,0
27.4015,93.6042,Itanagar,NER,1459.3,4.1,237.3,8.5,40.0,0.754,0.495,405.3,8,0
26.0578,93.7901,Kohima,NER,1022.3,8.2,71.2,4.6,43.2,0.805,0.758,2579.3,9,1
23.8563,93.1224,Aizawl,NER,651.6,9.8,0.9,4.3,38.7,0.702,0.197,7008.2,9,0
25.6924,91.2718,Shillong,NER,1680.0,20.9,315.6,11.5,48.5,0.513,0.504,93.9,7,1
26.2634,92.6748,Tezpur,NER,1457.2,30.2,342.5,2.8,9.2,0.598,0.498,2810.4,7,0
25.7299,92.1553,Shillong,NER,2187.4,7.2,118.3,2.7,24.8,0.435,0.355,2931.5,7,0
26.7388,95.0098,Dibrugarh,NER,1911.8,19.1,299.3,7.0,21.0,0.727,0.896,2442.1,6,0
26.05,93.8958,Kohima,NER,1678.7,12.2,159.3,7.3,73.1,0.245,0.307,426.7,7,0
26.689,93.9837,Jorhat,NER,1974.2,9.6,157.5,5.9,44.8,0.617,0.65,3071.8,8,0
26.9518,93.8664,Jorhat,NER,494.1,13.0,213.4,22.5,98.1,0.463,0.338,4147.7,7,0
27.0604,93.7212,Jorhat,NER,826.6,6.2,300.3,0.5,2.6,0.276,0.661,5646.3,7,0
27.6264,94.2847,Dibrugarh,NER,2047.1,25.7,273.2,0.2,1.3,0.862,0.472,523.5,9,0
24.7891,93.918,Imphal,NER,171.5,7.4,113.3,53.3,309.5,0.906,0.673,7138.6,8,0
26.5195,92.3566,Tezpur,NER,2308.9,10.4,87.6,0.6,4.4,0.357,0.53,1732.5,8,0
26.5141,94.6804,Jorhat,NER,2232.6,2.1,39.5,3.1,14.9,0.327,0.472,2240.1,6,0
25.6165,94.0735,Kohima,NER,444.6,19.7,161.9,2.9,22.6,0.528,0.714,823.6,7,0
26.0067,91.5814,Guwahati,NER,680.0,24.0,141.9,2.6,23.0,0.429,0.513,587.2,9,0
25.1381,91.8435,Shillong,NER,162.3,33.6,163.1,7.7,60.5,0.739,0.742,987.5,7,1
25.6459,94.5463,Kohima,NER,195.5,8.5,340.9,2.8,15.9,0.527,0.337,618.6,6,0
24.3249,93.6054,Imphal,NER,1984.8,16.3,283.3,26.8,99.4,0.431,0.487,494.8,7,0
26.7161,93.2827,Itanagar,NER,2395.7,17.0,298.0,1.9,14.3,0.601,0.754,1193.8,7,0
27.6359,95.4468,Dibrugarh,NER,1932.4,15.7,337.6,44.4,378.8,0.546,0.475,423.2,7,0
26.5624,92.9418,Tezpur,NER,676.6,14.6,74.7,54.1,167.4,0.282,0.344,2706.6,8,0
23.5409,90.9065,Agartala,NER,730.0,19.7,3.2,6.4,55.1,0.614,0.763,263.1,8,0
26.0234,93.8802,Jorhat,NER,2139.4,28.5,342.3,1.3,6.1,0.535,0.673,70.7,9,0
25.6532,92.5746,Guwahati,NER,1712.2,28.8,352.7,3.3,13.5,0.693,0.479,1514.9,8,0
23.547,92.8979,Aizawl,NER,1087.7,5.9,183.4,3.5,18.1,0.34,0.283,594.4,9,0
25.173,94.149,Imphal,NER,1670.7,42.6,95.0,20.1,128.7,0.426,0.872,5026.1,9,0
24.3304,93.8238,Imphal,NER,1740.1,18.9,133.8,38.5,148.6,0.7,0.51,5098.1,7,0
26.0343,94.1242,Kohima,NER,1497.3,8.7,136.5,3.9,16.6,0.581,0.833,73.3,6,0
24.8175,93.9162,Imphal,NER,605.2,4.6,223.1,3.7,33.8,0.457,0.634,162.7,9,0
23.5077,92.8352,Aizawl,NER,1787.0,11.3,330.2,5.1,38.7,0.425,0.573,71.2,8,0
26.3362,91.3854,Guwahati,NER,1745.4,10.3,234.2,10.7,56.9,0.374,0.582,161.3,7,0
26.642,94.133,Jorhat,NER,951.3,24.0,327.8,1.1,8.3,0.603,0.787,1814.7,7,0
27.0162,94.5451,Jorhat,NER,908.4,23.4,159.3,20.0,98.5,0.314,0.308,133.1,7,0
26.3711,93.9741,Jorhat,NER,557.9,8.7,57.3,1.7,5.4,0.242,0.835,824.5,7,1
27.0801,93.1357,Tezpur,NER,1731.7,14.1,7.3,7.9,69.2,0.594,0.606,2816.7,7,0
25.8187,94.0433,Kohima,NER,686.5,4.3,0.1,6.7,47.7,0.467,0.714,3225.1,6,0
23.7722,90.8781,Agartala,NER,1894.6,20.8,348.8,4.4,29.5,0.15,0.436,2581.8,9,1
27.5649,95.1272,Dibrugarh,NER,365.2,17.6,101.7,13.9,48.5,0.631,0.413,1205.8,8,0
27.0055,93.0695,Tezpur,NER,1757.3,24.1,149.3,3.3,27.7,0.49,0.61,2632.8,7,0
25.44,92.2322,Shillong,NER,1627.2,11.4,314.2,0.7,6.1,0.731,0.341,2240.3,9,0
27.12,94.218,Jorhat,NER,1234.5,9.7,278.7,16.7,141.1,0.577,0.827,10836.8,9,0
25.5562,94.3649,Kohima,NER,1448.6,2.4,176.2,12.3,44.7,0.921,0.535,502.6,8,0
24.9592,94.0885,Imphal,NER,1642.5,26.8,18.6,0.5,4.3,0.562,0.442,1601.0,8,0
26.4423,91.8174,Guwahati,NER,1755.5,32.4,213.9,15.0,142.6,0.785,0.913,4386.2,6,0
26.9939,93.6882,Itanagar,NER,196.6,6.9,308.0,5.1,49.3,0.337,0.314,235.9,6,0
23.6718,91.4408,Agartala,NER,602.6,22.8,61.9,12.0,94.1,0.162,0.83,526.7,8,0
24.0584,93.0909,Aizawl,NER,1178.7,11.0,88.3,0.4,1.9,0.32,0.509,2974.6,8,0
26.2923,94.0219,Jorhat,NER,535.2,24.3,73.6,7.6,66.1,0.631,0.376,2344.8,6,0
27.0032,93.3502,Tezpur,NER,2468.6,10.0,54.9,10.9,89.0,0.744,0.634,1355.6,8,0
27.0903,93.0996,Tezpur,NER,1508.9,19.7,277.7,3.2,17.3,0.498,0.757,4181.9,8,0
27.2857,93.9575,Itanagar,NER,2155.8,20.0,346.3,30.2,288.5,0.445,0.773,412.5,8,0
26.0993,93.871,Kohima,NER,2090.9,9.8,109.5,16.5,115.7,0.77,0.635,723.8,8,0
27.5149,95.3496,Dibrugarh,NER,169.7,19.6,199.6,0.8,5.7,0.415,0.45,677.8,9,0
24.4451,91.6789,Agartala,NER,1796.6,15.0,323.0,2.8,21.1,0.569,0.44,4348.9,9,0
23.4971,90.7756,Agartala,NER,2245.7,14.2,134.1,3.5,25.5,0.295,0.568,72.8,6,0
27.0548,94.1284,Jorhat,NER,1357.8,27.0,26.4,24.3,194.8,0.557,0.652,537.1,8,0
27.4456,93.2663,Itanagar,NER,2374.9,23.0,5.4,5.0,16.0,0.752,0.569,2830.8,6,0
27.653,95.2091,Dibrugarh,NER,630.0,18.4,153.6,3.4,18.8,0.254,0.377,123.7,9,0
26.4808,92.2745,Guwahati,NER,650.6,3.3,100.1,3.9,23.1,0.624,0.076,270.3,7,0
24.0787,90.7867,Agartala,NER,1423.8,40.3,273.1,20.5,126.3,0.092,0.586,5674.4,7,0
24.569,93.3688,Imphal,NER,444.0,14.5,73.0,7.2,43.0,0.425,0.705,2647.5,7,0
23.4607,91.3899,Agartala,NER,1678.8,24.4,36.9,1.9,7.1,0.358,0.838,1994.3,6,0
25.5823,94.1135,Kohima,NER,1265.7,9.6,351.7,10.0,64.6,0.488,0.729,809.2,6,0
25.9573,93.7144,Kohima,NER,561.1,39.8,88.6,5.3,41.5,0.694,0.36,1923.9,8,0
25.6411,94.6584,Kohima,NER,1637.5,7.4,10.5,11.5,52.1,0.493,0.333,1546.4,8,0
26.2945,93.2815,Tezpur,NER,1296.5,9.4,275.4,0.8,4.8,0.567,0.454,99.7,9,0
25.69,94.439,Kohima,NER,557.9,18.2,47.4,1.3,12.5,0.661,0.856,869.3,8,0
26.609,94.377,Itanagar,NER,745.4,18.2,110.6,51.7,313.7,0.459,0.91,641.4,7,0
26.6582,93.8506,Itanagar,NER,2337.8,13.8,22.3,2.1,7.8,0.942,0.429,569.3,8,0
25.6727,92.2292,Shillong,NER,1083.6,25.9,50.7,6.3,50.6,0.562,0.563,871.3,6,0
27.3945,94.8851,Dibrugarh,NER,1334.1,32.4,172.7,21.4,209.5,0.731,0.177,5727.8,9,0
25.5028,91.533,Guwahati,NER,1611.0,5.5,67.2,24.0,110.1,0.64,0.747,1926.2,8,0
24.9202,94.0384,Imphal,NER,674.0,7.8,188.0,11.6,101.1,0.658,0.986,5361.7,9,0
25.4887,92.2821,Shillong,NER,1783.8,5.4,121.9,7.3,55.0,0.431,0.424,1801.3,9,0
27.3058,93.8949,Itanagar,NER,570.7,23.5,211.7,2.4,13.7,0.777,0.564,5143.4,8,0
26.2548,94.2726,Jorhat,NER,374.4,12.9,5.1,0.2,2.0,0.621,0.243,156.7,9,0
27.0422,93.3911,Itanagar,NER,1256.2,20.3,211.0,3.7,14.5,0.344,0.839,1412.7,9,1
26.7795,92.736,Tezpur,NER,882.0,7.3,183.3,8.9,83.7,0.564,0.689,273.0,9,0
24.781,94.1904,Imphal,NER,1026.5,13.9,247.5,9.5,61.0,0.6,0.616,12718.1,9,0
25.0292,91.7576,Shillong,NER,1471.2,22.8,257.6,0.9,8.2,0.322,0.611,344.9,6,0
26.7074,93.944,Jorhat,NER,1546.8,4.8,201.2,12.7,70.4,0.466,0.305,3686.6,6,0
26.5104,91.9352,Shillong,NER,1500.1,35.4,359.0,2.3,7.7,0.595,0.292,1654.1,7,1
23.5156,92.4715,Aizawl,NER,1457.0,4.8,354.4,0.4,1.4,0.717,0.638,400.0,9,0
27.6434,95.2199,Dibrugarh,NER,1270.0,4.6,330.8,23.4,107.9,0.58,0.888,2337.7,8,1
26.8621,94.681,Dibrugarh,NER,1289.6,16.4,169.8,0.4,2.3,0.768,0.197,1336.8,7,0
23.9542,92.6206,Aizawl,NER,2336.3,17.2,141.5,8.5,77.0,0.48,0.722,269.0,8,0
25.1714,94.494,Kohima,NER,283.2,7.0,344.0,7.4,23.5,0.412,0.426,145.0,6,0
26.7034,92.2457,Tezpur,NER,266.8,45.3,150.4,15.0,51.0,0.506,0.499,1880.8,6,0
26.2753,91.7827,Guwahati,NER,597.1,19.6,347.9,14.7,55.6,0.708,0.667,2868.3,8,0
25.8162,92.0279,Shillong,NER,2390.5,26.5,216.2,22.9,178.1,0.776,0.481,948.5,6,0
26.779,93.4539,Itanagar,NER,360.5,18.8,117.6,9.7,67.5,0.53,0.364,649.2,9,0
23.8657,92.5462,Aizawl,NER,1825.1,2.1,321.0,16.3,71.8,0.95,0.892,1025.7,9,0
25.4946,91.946,Shillong,NER,387.3,4.4,290.2,13.1,48.4,0.476,0.823,9846.5,9,0
24.9814,94.5095,Kohima,NER,1360.2,26.5,328.3,1.7,7.3,0.733,0.381,67.5,8,0
24.0159,92.2468,Aizawl,NER,2420.4,3.9,46.2,11.9,83.5,0.95,0.45,166.6,6,1
26.3978,94.4399,Jorhat,NER,1594.5,15.2,221.5,16.9,103.6,0.454,0.762,2519.9,6,0
25.7869,92.2268,Guwahati,NER,2246.3,9.5,346.7,5.0,49.4,0.239,0.712,5353.8,8,0
27.5358,95.0667,Dibrugarh,NER,560.7,3.6,10.7,16.5,117.3,0.347,0.575,515.0,7,0
23.1238,92.898,Aizawl,NER,764.8,37.4,167.8,21.0,67.9,0.505,0.466,6.8,7,0
26.1275,94.1309,Kohima,NER,1181.6,23.9,352.5,10.6,100.8,0.63,0.516,293.3,7,0
25.4959,94.3373,Kohima,NER,1841.8,26.5,284.6,7.8,25.6,0.744,0.751,777.8,7,1
27.2508,93.6709,Itanagar,NER,655.4,15.1,297.4,1.0,7.1,0.534,0.618,1338.3,6,0
26.8123,94.1572,Jorhat,NER,569.9,15.0,114.4,4.4,17.0,0.565,0.574,1023.1,8,0
27.244,95.071,Dibrugarh,NER,1169.0,35.3,239.0,3.9,28.6,0.628,0.57,124.5,7,0
26.7272,94.2441,Jorhat,NER,1334.3,3.3,112.1,0.1,0.6,0.549,0.764,5042.0,7,0
25.4856,93.9697,Kohima,NER,805.1,21.2,266.7,15.6,108.7,0.604,0.753,4278.4,8,0
26.8342,93.6128,Itanagar,NER,1029.9,36.1,254.0,8.0,47.1,0.794,0.753,2174.2,8,0
27.8965,95.0087,Dibrugarh,NER,1988.3,5.1,12.5,0.6,2.1,0.393,0.932,9155.7,6,0
27.4943,94.9439,Dibrugarh,NER,649.7,17.6,54.6,7.1,47.7,0.508,0.144,2727.4,6,0
26.7183,93.8339,Itanagar,NER,153.6,9.7,22.6,9.9,62.4,0.757,0.602,412.9,6,0
23.5368,90.6737,Agartala,NER,470.0,16.3,70.5,37.5,138.6,0.755,0.517,4839.7,7,0
23.5374,91.3183,Agartala,NER,793.2,19.4,236.4,4.8,14.5,0.303,0.737,1241.0,8,0
26.2288,94.6085,Jorhat,NER,735.0,15.8,198.9,8.4,64.1,0.758,0.551,1118.4,6,0
26.6445,93.0385,Tezpur,NER,2120.8,33.2,179.4,3.7,23.3,0.477,0.652,4552.6,6,0
26.6256,91.5954,Guwahati,NER,443.9,16.2,262.5,0.4,4.2,0.405,0.345,1818.8,8,0
27.3773,93.7902,Itanagar,NER,1406.2,18.8,246.6,12.3,82.1,0.335,0.707,1248.0,7,0
26.8429,94.1296,Jorhat,NER,2268.9,10.7,102.7,9.3,35.8,0.944,0.568,151.2,8,0
25.0243,93.9212,Imphal,NER,658.5,8.9,61.8,15.6,90.9,0.544,0.786,3067.7,7,0
23.6796,90.598,Agartala,NER,717.0,22.2,256.6,8.1,63.1,0.177,0.379,500.7,9,1
27.1136,93.1307,Tezpur,NER,2410.6,5.2,125.5,9.4,32.3,0.502,0.412,927.6,7,0
26.7843,91.8826,Guwahati,NER,932.7,16.1,184.4,7.7,36.5,0.248,0.92,814.3,9,0
26.1794,92.0484,Guwahati,NER,784.4,15.2,313.3,1.6,6.4,0.191,0.948,304.1,7,0
26.6171,93.8471,Itanagar,NER,1857.7,2.6,256.0,32.0,110.4,0.608,0.591,638.5,7,0
26.4449,92.9681,Tezpur,NER,507.0,10.8,321.1,23.2,150.0,0.69,0.713,2559.7,8,0
26.1007,92.4963,Guwahati,NER,1285.7,32.4,41.5,4.1,13.0,0.256,0.475,592.9,6,0
24.8117,94.079,Imphal,NER,206.3,10.3,116.9,2.1,6.6,0.551,0.431,2327.0,7,0
25.9241,92.092,Guwahati,NER,1511.1,9.2,14.8,1.0,9.8,0.365,0.933,114.3,6,0
23.5348,92.4926,Aizawl,NER,2339.2,18.8,146.9,3.9,14.7,0.845,0.862,702.1,6,0
26.6063,93.4988,Itanagar,NER,983.5,19.2,146.3,24.2,137.0,0.484,0.727,821.7,6,0
24.9057,93.4424,Imphal,NER,670.1,7.7,41.7,2.2,9.7,0.436,0.831,615.0,6,0
24.3683,93.946,Imphal,NER,1781.8,15.8,57.3,5.1,23.8,0.525,0.209,1475.4,7,0
27.2273,93.5908,Itanagar,NER,1472.0,27.0,1.6,2.6,20.7,0.254,0.491,2239.5,8,0
24.6834,94.0059,Imphal,NER,2469.6,2.4,158.8,7.1,53.7,0.529,0.366,6441.1,6,0
25.7634,94.2525,Kohima,NER,2073.9,13.4,54.0,0.2,2.2,0.822,0.337,2834.2,6,0
27.1247,95.0997,Dibrugarh,NER,1928.4,20.5,43.7,6.7,46.1,0.511,0.664,785.3,7,0
27.7392,94.995,Dibrugarh,NER,943.3,28.7,130.6,1.9,8.9,0.601,0.684,1809.3,9,0
23.8768,90.5419,Agartala,NER,1232.7,16.8,6.2,7.3,43.6,0.576,0.583,1644.2,6,0
25.0293,93.4248,Kohima,NER,1009.7,14.4,291.7,2.7,15.2,0.95,0.592,2743.8,8,0
25.5924,94.0966,Kohima,NER,367.8,25.5,347.1,2.5,23.1,0.459,0.516,2389.0,7,0
24.5719,94.0807,Imphal,NER,1044.4,18.7,233.1,9.4,53.6,0.789,0.579,103.4,8,0
26.218,91.9162,Guwahati,NER,1496.5,15.0,12.6,3.8,15.3,0.437,0.251,2075.1,7,0
27.2997,93.708,Itanagar,NER,1959.7,6.2,313.4,3.0,29.4,0.519,0.626,1377.3,7,0
23.8103,91.0114,Agartala,NER,1820.0,16.9,117.0,3.8,20.4,0.613,0.715,1874.7,9,0
26.7847,93.3244,Tezpur,NER,361.1,11.7,217.6,7.3,61.8,0.544,0.712,988.2,6,0
26.3955,91.5978,Guwahati,NER,1988.3,40.1,344.1,0.4,4.0,0.628,0.364,633.9,6,0
23.879,90.8396,Agartala,NER,523.7,3.5,167.0,11.7,100.9,0.404,0.527,4675.3,7,0
26.3671,91.7418,Guwahati,NER,1674.7,34.4,228.4,2.5,9.5,0.86,0.249,3741.5,8,0
25.5099,91.8628,Shillong,NER,1289.6,8.9,134.5,2.6,7.8,0.615,0.421,2081.8,7,0
27.6906,95.0884,Dibrugarh,NER,1020.4,1.4,124.2,4.2,34.5,0.717,0.899,1138.2,6,0
26.1849,92.6118,Tezpur,NER,334.4,17.9,270.0,4.9,37.5,0.462,0.158,1090.3,8,0
26.2926,91.8054,Guwahati,NER,670.8,17.7,188.4,1.5,5.0,0.342,0.228,740.2,9,0
26.0858,91.9876,Guwahati,NER,1026.2,9.3,131.2,8.0,74.4,0.777,0.326,6823.5,7,0
27.5372,92.8331,Itanagar,NER,287.2,10.5,281.9,19.1,92.2,0.576,0.903,2295.8,7,0
26.6499,92.5653,Tezpur,NER,2197.4,10.5,59.0,5.3,46.9,0.387,0.634,141.8,8,0
26.4865,94.3926,Jorhat,NER,1060.8,26.9,303.6,2.7,15.8,0.65,0.141,1130.4,6,0
27.4749,94.5517,Dibrugarh,NER,609.6,21.9,209.0,6.6,35.5,0.476,0.327,1114.4,7,0
26.3507,93.0373,Tezpur,NER,1473.7,8.4,169.6,13.7,93.8,0.848,0.722,391.3,9,0
27.2956,93.3358,Tezpur,NER,1616.6,36.7,270.1,6.7,58.1,0.605,0.758,1004.9,6,0
23.967,91.3646,Agartala,NER,1663.5,36.6,137.9,7.9,74.4,0.546,0.529,1431.6,6,0
24.1085,91.2867,Agartala,NER,2280.3,27.8,268.0,1.7,8.6,0.44,0.397,3534.5,8,0
25.444,92.2341,Shillong,NER,2136.8,15.2,136.8,26.9,203.9,0.95,0.726,458.6,6,0
26.712,94.2992,Jorhat,NER,1544.2,27.0,83.6,2.0,10.9,0.621,0.628,591.3,9,0
26.9975,95.0239,Jorhat,NER,1280.3,20.5,218.2,0.2,2.1,0.647,0.823,3934.3,8,0
23.7031,92.3393,Aizawl,NER,1588.3,23.5,91.2,0.2,0.6,0.672,0.222,485.4,6,1
26.8974,93.8487,Jorhat,NER,478.5,20.0,211.5,8.1,68.6,0.656,0.762,2794.1,6,0
23.7856,92.9096,Aizawl,NER,301.5,10.5,207.8,4.6,34.9,0.346,0.83,119.9,8,0
25.9699,91.4612,Guwahati,NER,1241.0,8.5,134.6,10.9,69.2,0.292,0.291,6231.5,7,0
23.5485,92.2569,Aizawl,NER,1761.0,8.5,331.6,11.2,36.2,0.95,0.627,4977.4,6,0
23.4336,91.3226,Agartala,NER,1340.5,26.3,40.0,14.0,120.7,0.249,0.787,334.1,6,1
27.4837,95.1934,Dibrugarh,NER,1314.1,26.1,189.9,13.3,93.6,0.308,0.569,1022.7,7,0
25.8719,91.7391,Guwahati,NER,1286.4,5.6,344.0,11.5,40.6,0.236,0.489,677.3,8,1
27.4979,95.1853,Dibrugarh,NER,1779.9,17.1,158.1,1.3,8.7,0.555,0.684,1044.0,6,0
27.2373,94.0647,Jorhat,NER,1365.9,20.7,211.4,9.9,34.4,0.34,0.486,4099.0,9,0
27.2623,94.495,Jorhat,NER,189.4,16.7,244.3,1.0,9.3,0.68,0.336,1094.1,9,0
26.6183,94.0887,Jorhat,NER,849.0,8.9,292.7,0.5,3.2,0.327,0.645,1646.0,8,0
26.6577,93.5107,Itanagar,NER,710.1,28.1,194.2,2.2,16.9,0.772,0.826,1756.3,6,0
24.095,92.4858,Aizawl,NER,1177.8,14.3,13.7,0.2,2.0,0.515,0.723,4364.4,9,0
25.1832,94.0926,Imphal,NER,2235.0,25.0,352.5,0.7,5.6,0.249,0.933,4168.1,8,0
23.6411,92.7042,Aizawl,NER,2375.1,16.5,216.2,2.9,27.8,0.819,0.765,1274.4,6,0
23.5197,92.7803,Aizawl,NER,1293.6,13.7,111.5,5.1,23.7,0.513,0.712,361.7,9,0
24.0177,92.3247,Aizawl,NER,2167.4,8.2,291.9,4.1,20.4,0.445,0.751,948.0,7,0
25.6261,94.2047,Kohima,NER,610.4,16.0,2.1,13.4,81.3,0.677,0.763,6937.4,9,0
26.7278,92.9696,Tezpur,NER,1029.2,24.1,39.2,22.4,193.3,0.669,0.228,827.6,7,0
26.2274,92.5252,Guwahati,NER,1355.6,28.9,205.5,3.4,16.8,0.348,0.756,1672.2,7,1
24.7089,91.1627,Agartala,NER,638.1,16.2,344.8,3.4,10.3,0.814,0.605,3443.6,7,0
25.5544,92.1421,Shillong,NER,1642.8,26.4,190.5,0.3,2.9,0.212,0.541,1386.0,6,0
26.5642,91.4444,Guwahati,NER,1576.4,9.6,177.8,27.1,204.9,0.409,0.528,644.9,7,0
25.014,94.2273,Imphal,NER,873.1,37.5,22.0,2.8,27.7,0.567,0.588,6366.7,8,0
25.071,93.6325,Imphal,NER,172.1,6.8,136.3,10.3,54.9,0.667,0.484,1591.0,9,0
26.7802,94.3305,Jorhat,NER,466.5,27.1,196.5,3.2,9.6,0.438,0.708,2054.5,7,0
24.9616,93.6504,Imphal,NER,743.6,14.2,105.4,1.1,6.3,0.541,0.796,1672.2,6,0
26.7783,91.9709,Guwahati,NER,2398.1,40.2,44.0,1.8,13.3,0.597,0.846,1541.4,7,0
27.8397,94.9799,Dibrugarh,NER,285.6,4.3,291.8,8.7,72.4,0.593,0.521,2993.4,6,0
25.9429,91.5989,Guwahati,NER,595.7,33.7,176.9,22.4,95.7,0.257,0.623,6973.5,6,0
27.5703,95.2869,Dibrugarh,NER,1297.8,10.5,23.3,4.5,26.8,0.663,0.756,569.3,7,0
23.642,92.6002,Aizawl,NER,1011.2,12.4,180.7,5.7,36.8,0.276,0.65,75.0,8,0
25.7266,92.2076,Guwahati,NER,249.0,1.4,101.7,8.4,80.7,0.447,0.203,1758.1,9,0
24.3122,93.5129,Imphal,NER,108.5,12.3,198.0,4.4,24.0,0.273,0.779,2767.2,9,1
26.9628,94.4923,Jorhat,NER,2001.6,15.2,251.0,4.5,34.0,0.412,0.86,1267.4,6,0
25.7807,91.7111,Shillong,NER,1631.8,4.1,286.2,0.3,1.3,0.411,0.701,191.9,9,0
24.0992,92.4859,Aizawl,NER,1302.4,18.8,280.6,4.1,28.7,0.812,0.719,304.8,8,0
25.9664,94.3567,Kohima,NER,257.9,18.4,176.3,3.5,25.7,0.09,0.859,1184.7,9,0
26.7018,92.9158,Tezpur,NER,862.0,19.0,272.5,54.9,395.5,0.404,0.216,5438.5,8,0
25.6351,94.5037,Kohima,NER,1255.4,30.6,151.0,27.0,110.5,0.365,0.513,134.2,9,0
26.7623,94.3948,Jorhat,NER,261.8,10.0,354.8,2.3,8.6,0.923,0.76,452.5,8,0
27.0065,92.5581,Tezpur,NER,1579.1,11.0,128.0,5.0,44.6,0.05,0.731,640.5,9,0
27.0894,94.0957,Itanagar,NER,1313.3,22.7,144.3,2.0,10.1,0.497,0.159,298.7,9,0
23.7897,91.17,Agartala,NER,1768.2,8.8,326.5,6.9,39.6,0.73,0.55,1651.4,6,0
24.1391,94.2147,Imphal,NER,1285.8,40.5,141.6,6.0,18.5,0.785,0.429,3925.9,8,0
26.9523,94.6749,Jorhat,NER,1687.5,16.0,356.4,6.3,24.3,0.53,0.803,3836.1,6,0
25.6983,92.1389,Shillong,NER,1441.6,10.6,82.6,6.0,53.5,0.716,0.655,3776.8,6,0
25.666,93.7896,Kohima,NER,145.0,10.6,160.0,4.6,37.4,0.473,0.709,1877.5,8,0
24.0227,91.0867,Agartala,NER,1781.4,10.8,166.0,4.1,30.9,0.903,0.775,1340.9,6,0
24.4723,94.0123,Imphal,NER,730.1,9.2,4.3,61.5,314.5,0.629,0.253,5025.0,7,0
27.2003,94.9896,Dibrugarh,NER,1391.3,11.7,195.5,8.3,31.6,0.432,0.56,1969.7,6,0
23.3312,91.2267,Agartala,NER,942.6,15.5,44.4,2.3,21.1,0.438,0.541,4154.5,9,0
27.0008,93.5209,Itanagar,NER,2362.4,6.2,69.8,1.8,14.4,0.324,0.446,839.8,7,0
25.91,94.178,Kohima,NER,837.0,22.1,59.6,6.8,29.0,0.491,0.534,1423.1,9,0
25.2443,93.567,Imphal,NER,1086.2,5.1,16.6,13.0,104.7,0.64,0.918,725.9,8,0
25.9427,91.6162,Shillong,NER,1568.8,22.8,61.4,6.8,65.5,0.458,0.828,3299.4,8,0
26.9226,94.6081,Jorhat,NER,287.2,10.5,102.5,12.8,53.9,0.541,0.874,7085.5,9,0
26.7361,94.0928,Jorhat,NER,1565.9,31.0,95.8,7.9,59.8,0.334,0.476,3359.8,7,0
26.9216,93.9349,Jorhat,NER,1231.8,21.0,84.6,5.3,26.3,0.662,0.446,910.1,9,0
22.9668,92.4167,Aizawl,NER,661.3,18.6,309.9,9.9,99.1,0.576,0.473,1264.2,7,0
26.9188,92.8709,Tezpur,NER,481.4,2.8,65.8,0.6,2.3,0.626,0.929,6316.1,8,0
24.7521,93.53,Imphal,NER,150.4,23.3,331.8,1.4,9.4,0.607,0.374,5670.3,9,0
26.5098,91.9697,Guwahati,NER,1043.3,15.9,257.9,0.1,0.9,0.731,0.472,1243.3,9,0
23.4258,92.4794,Aizawl,NER,185.5,32.7,330.2,0.4,3.6,0.938,0.796,1006.8,9,0
23.9726,91.1503,Agartala,NER,1366.2,25.2,255.6,24.6,185.1,0.466,0.937,732.5,7,0
26.1683,91.8699,Guwahati,NER,2051.8,14.1,332.7,0.5,5.2,0.159,0.378,1123.7,6,0
26.8733,94.0507,Jorhat,NER,1861.2,16.4,157.9,0.5,1.9,0.27,0.4,373.0,7,1
25.7947,91.772,Shillong,NER,144.0,28.8,261.2,9.4,67.4,0.513,0.652,882.5,8,0
25.8147,94.2754,Kohima,NER,599.3,16.8,22.3,1.0,4.8,0.563,0.647,2250.2,8,0
27.0894,93.0758,Tezpur,NER,707.4,34.5,197.0,5.2,50.3,0.5,0.664,3658.6,7,0
25.6074,94.024,Imphal,NER,1742.6,6.9,331.5,9.3,41.0,0.429,0.559,5576.3,9,0
26.6247,94.0473,Itanagar,NER,235.6,4.1,328.2,3.6,34.0,0.793,0.328,8249.2,9,0
25.475,91.57,Shillong,NER,200.1,23.8,150.4,0.4,3.4,0.605,0.455,3907.6,7,0
25.8315,94.5264,Kohima,NER,977.0,27.8,260.5,10.3,84.0,0.475,0.395,3594.3,9,0
26.8965,93.3396,Itanagar,NER,1610.9,23.5,59.9,26.0,97.4,0.608,0.257,81.8,8,0
26.7453,92.7881,Tezpur,NER,1465.8,14.8,64.3,5.6,33.6,0.653,0.668,1441.4,9,0
23.7228,92.6892,Aizawl,NER,494.6,7.2,155.2,11.1,68.2,0.641,0.508,90.6,8,0
26.7534,93.4648,Itanagar,NER,976.2,27.5,81.9,3.9,28.8,0.363,0.739,1332.2,8,0
23.8038,92.599,Aizawl,NER,638.5,12.7,5.2,1.1,5.5,0.728,0.165,686.4,9,0
26.6007,94.1633,Jorhat,NER,583.1,21.5,99.8,1.0,4.2,0.759,0.836,5608.0,8,0
25.4312,93.8438,Kohima,NER,1642.6,8.9,246.6,5.3,41.2,0.311,0.845,1430.9,9,1
27.5195,95.2496,Dibrugarh,NER,212.3,2.8,237.4,11.0,34.2,0.717,0.981,178.2,8,0
23.968,91.2317,Agartala,NER,789.7,32.1,336.5,3.3,25.3,0.778,0.308,591.7,9,0
26.2984,91.837,Guwahati,NER,653.6,16.6,197.7,6.6,37.7,0.449,0.531,2918.6,7,0
27.7953,93.8045,Itanagar,NER,1146.9,26.6,247.3,1.0,6.8,0.456,0.542,5684.1,9,0
24.3888,91.604,Agartala,NER,424.7,12.8,186.1,38.0,256.1,0.898,0.849,2665.4,7,0
27.4912,95.1543,Dibrugarh,NER,1770.8,13.5,134.8,5.6,55.9,0.428,0.437,6832.5,9,0
26.1867,93.2596,Tezpur,NER,130.3,15.4,254.4,6.1,47.3,0.441,0.805,939.8,6,0
27.3195,95.042,Dibrugarh,NER,1394.8,8.0,167.3,17.6,105.0,0.712,0.591,1195.5,7,0
26.0765,92.6536,Tezpur,NER,2190.7,14.0,179.8,13.1,74.2,0.318,0.725,293.3,9,0
25.1976,94.1383,Imphal,NER,467.4,14.0,168.5,46.8,429.1,0.599,0.86,1209.4,8,0
27.19,95.5724,Dibrugarh,NER,1340.4,23.9,146.0,1.6,9.4,0.845,0.298,1341.2,6,0
27.0826,92.5518,Tezpur,NER,1048.7,15.9,165.9,12.4,108.0,0.762,0.574,3713.1,9,0
25.6156,93.8203,Kohima,NER,2266.9,3.4,337.8,6.7,60.4,0.633,0.421,10290.8,7,0
27.5501,95.0538,Dibrugarh,NER,1877.3,9.6,129.8,7.0,46.1,0.462,0.625,2357.0,6,0
27.2498,93.9041,Itanagar,NER,809.1,19.9,137.1,9.2,39.7,0.419,0.664,2678.2,9,0
27.2994,93.419,Itanagar,NER,769.6,16.9,139.5,6.7,59.0,0.712,0.881,1862.3,9,0
24.2256,92.3347,Aizawl,NER,1559.4,13.9,263.8,10.6,43.2,0.05,0.541,1157.2,6,0
27.3838,94.4728,Jorhat,NER,1254.7,17.1,175.7,16.2,151.8,0.533,0.501,2481.5,7,0
26.8539,94.3828,Jorhat,NER,2114.0,24.1,339.6,0.2,0.8,0.57,0.194,2999.9,9,0
27.0937,93.6895,Itanagar,NER,2144.4,26.8,246.1,9.0,50.5,0.494,0.636,0.0,6,0
24.8596,93.2392,Imphal,NER,2168.6,6.4,304.9,22.3,150.6,0.377,0.847,148.2,7,0
26.8402,94.7619,Jorhat,NER,139.4,18.9,353.4,10.1,89.0,0.459,0.51,2587.3,7,0
25.0334,94.0664,Imphal,NER,1031.0,9.1,9.2,24.3,149.0,0.299,0.27,6084.6,8,0
26.4368,93.0051,Tezpur,NER,636.8,33.9,87.1,2.5,12.3,0.434,0.467,187.1,6,0
25.9578,92.0431,Shillong,NER,1662.0,10.2,265.1,0.6,3.9,0.272,0.676,113.1,6,1
25.7558,94.3873,Kohima,NER,1852.9,7.7,206.7,0.5,3.2,0.508,0.622,653.0,9,0
26.682,94.3708,Jorhat,NER,1203.6,8.2,112.6,3.8,34.7,0.528,0.712,5905.5,7,0
25.7656,94.5706,Kohima,NER,2261.6,17.2,285.8,2.0,20.1,0.412,0.413,2739.2,7,0
26.685,92.683,Tezpur,NER,932.3,8.6,301.2,1.3,6.2,0.303,0.667,4106.9,9,0
26.4516,91.3686,Guwahati,NER,1648.2,7.3,176.8,6.8,25.8,0.668,0.255,2673.1,8,0
26.4956,93.555,Jorhat,NER,2051.1,14.7,245.7,10.0,43.4,0.583,0.703,1621.1,7,1
27.6801,94.6836,Dibrugarh,NER,1830.3,36.5,339.2,17.2,75.6,0.824,0.798,1758.9,9,0
26.9958,94.8631,Dibrugarh,NER,2054.1,21.5,233.9,2.5,11.6,0.748,0.575,8940.7,9,0
23.4438,93.1316,Aizawl,NER,2214.8,22.3,311.5,2.9,15.1,0.443,0.362,45.9,9,0
25.26,91.6869,Shillong,NER,2026.9,4.7,261.4,2.6,9.3,0.514,0.592,132.6,6,0
27.6225,94.6937,Dibrugarh,NER,2299.2,15.6,183.0,0.9,2.8,0.569,0.885,2448.6,6,0
25.7824,91.4388,Guwahati,NER,1324.9,12.6,147.2,0.1,0.7,0.473,0.873,1674.0,7,0
27.062,94.3382,Jorhat,NER,2255.8,10.8,67.9,12.5,69.5,0.759,0.755,6222.8,7,0
27.018,93.525,Jorhat,NER,2307.1,6.7,61.0,16.0,63.6,0.645,0.89,1873.3,8,0
26.5392,93.244,Tezpur,NER,2322.5,20.2,271.1,7.8,43.9,0.443,0.928,1626.6,8,0
26.919,94.3708,Jorhat,NER,1727.9,16.1,139.6,4.1,19.2,0.285,0.653,104.6,7,0
24.3549,94.143,Imphal,NER,1642.5,13.0,218.0,4.9,39.5,0.548,0.672,703.4,6,0
27.3164,94.9725,Dibrugarh,NER,1528.9,14.7,295.7,0.5,4.1,0.64,0.869,1477.3,9,1
25.6047,94.3978,Kohima,NER,1023.0,9.4,7.1,1.4,10.9,0.672,0.257,390.1,6,0
27.7287,94.7946,Dibrugarh,NER,204.3,32.3,151.9,12.7,48.8,0.454,0.976,4555.5,8,0
27.2261,93.6235,Itanagar,NER,1287.2,8.4,119.5,0.4,3.8,0.819,0.405,3151.2,7,0
26.321,94.2996,Kohima,NER,2487.2,24.1,166.8,6.6,60.8,0.512,0.506,1483.6,7,0
27.6638,93.8484,Itanagar,NER,1942.6,30.9,331.7,3.6,19.0,0.271,0.755,1696.0,6,0
26.4519,93.0172,Tezpur,NER,2451.9,8.6,30.0,5.8,30.7,0.646,0.636,350.1,6,0
26.1608,94.1638,Kohima,NER,627.9,25.4,354.8,0.6,5.1,0.535,0.404,2032.3,8,0
25.3428,91.9157,Shillong,NER,787.4,22.4,183.6,1.0,5.8,0.78,0.581,673.1,9,0
25.4859,91.8377,Shillong,NER,2071.8,8.0,31.7,3.5,24.5,0.607,0.448,3356.3,8,0
26.5013,94.5767,Jorhat,NER,1833.2,10.5,103.2,10.7,74.1,0.569,0.503,4443.4,9,0
25.5364,94.3122,Kohima,NER,940.8,22.4,256.6,4.3,18.4,0.908,0.447,378.3,6,1
26.1513,92.621,Tezpur,NER,2269.9,28.0,315.5,9.9,88.8,0.66,0.842,904.4,6,0
25.6644,92.0809,Shillong,NER,1333.4,22.0,155.1,16.2,150.2,0.438,0.219,83.5,8,0
23.6218,92.6541,Aizawl,NER,907.2,17.2,101.5,14.7,73.0,0.793,0.409,1570.2,6,0
27.4423,94.7965,Dibrugarh,NER,396.9,23.4,335.6,5.5,51.5,0.284,0.314,336.6,6,0
23.659,92.3552,Aizawl,NER,1615.6,7.6,320.2,3.8,14.5,0.425,0.141,5752.3,8,0
27.5642,93.3801,Itanagar,NER,967.7,26.8,333.1,21.4,72.9,0.842,0.638,349.3,9,0
23.868,91.506,Agartala,NER,351.3,29.0,271.9,1.7,13.6,0.63,0.834,1007.4,7,0
23.6355,92.6138,Aizawl,NER,887.7,10.0,212.8,1.5,12.2,0.75,0.615,103.7,6,0
25.4266,94.6073,Kohima,NER,1336.7,11.8,205.9,15.7,74.6,0.654,0.478,3604.8,7,0
25.8608,92.2185,Shillong,NER,590.8,20.7,129.1,26.9,170.2,0.648,0.553,5015.3,6,0
26.7715,93.5728,Itanagar,NER,2021.6,2.5,69.0,13.5,102.3,0.611,0.506,1045.0,7,0
23.7515,90.9747,Agartala,NER,645.3,21.5,248.2,15.4,90.1,0.49,0.915,915.8,6,0
26.8888,94.2114,Jorhat,NER,281.4,22.6,61.4,4.4,19.5,0.371,0.684,248.6,7,0
26.0654,91.9487,Guwahati,NER,330.4,36.2,137.0,19.3,80.8,0.328,0.631,618.9,6,1
25.0439,93.984,Kohima,NER,1586.0,13.5,27.4,6.3,41.4,0.38,0.305,2153.6,9,0
25.3085,91.371,Shillong,NER,2173.7,17.9,166.9,6.9,43.3,0.05,0.605,948.4,8,0
25.3872,91.8091,Shillong,NER,1505.5,5.9,115.4,8.4,82.2,0.489,0.888,2870.7,6,0
25.1733,93.8846,Kohima,NER,2085.6,3.8,246.8,9.7,35.6,0.67,0.245,1727.6,8,0
26.6152,93.0786,Tezpur,NER,1960.8,14.6,227.6,9.2,40.7,0.473,0.729,569.1,6,0
26.8644,93.6346,Itanagar,NER,1279.5,12.2,279.2,3.4,18.6,0.186,0.743,2160.1,7,0
26.936,92.9563,Tezpur,NER,750.7,19.8,183.9,5.1,37.6,0.435,0.841,1779.5,8,0
26.9586,94.6001,Jorhat,NER,1499.4,11.6,216.9,8.4,68.3,0.375,0.271,1937.0,9,0
26.7553,93.7506,Itanagar,NER,606.4,21.9,58.2,1.9,13.7,0.623,0.43,30.7,8,0
25.6529,91.8227,Shillong,NER,1308.5,12.6,266.1,0.6,3.7,0.95,0.884,1512.8,9,0
26.6422,94.1574,Jorhat,NER,756.7,21.7,62.9,2.9,20.6,0.516,0.473,2675.9,9,0
24.5627,93.7387,Imphal,NER,1355.2,26.5,136.3,1.2,7.6,0.424,0.754,4194.5,6,0
24.9912,93.6475,Imphal,NER,2267.1,5.9,115.9,22.8,164.6,0.493,0.558,2772.5,7,0
27.3266,95.1311,Dibrugarh,NER,1122.0,7.8,177.4,0.0,0.2,0.637,0.545,2732.3,6,0
23.661,93.3493,Aizawl,NER,1872.6,5.8,48.9,2.3,19.3,0.489,0.651,832.4,8,0
24.8373,93.8488,Imphal,NER,1985.1,18.2,292.6,1.6,11.8,0.845,0.497,209.7,9,0
27.1528,94.6458,Dibrugarh,NER,2237.9,35.4,358.1,9.1,88.7,0.444,0.692,2737.8,6,0
28.0394,94.867,Dibrugarh,NER,1811.7,18.6,317.3,13.7,117.7,0.36,0.4,1065.0,7,0
26.0383,91.1241,Guwahati,NER,581.6,40.8,25.2,6.7,46.9,0.917,0.377,1969.0,9,1
27.0068,93.7632,Itanagar,NER,1200.2,25.2,204.1,3.8,12.9,0.807,0.656,1502.8,6,0
25.9237,93.7403,Kohima,NER,219.6,28.6,90.6,27.5,197.7,0.515,0.516,2014.7,6,0
24.1382,91.275,Agartala,NER,286.9,4.0,220.9,14.6,136.5,0.481,0.6,1009.5,7,0
23.1107,90.9897,Agartala,NER,2189.6,18.7,241.0,21.9,122.0,0.437,0.409,3486.3,8,0
24.2145,93.0888,Aizawl,NER,1696.6,30.1,287.0,23.4,156.5,0.736,0.367,4213.7,8,0
